序号,名称,申报类别,出版单位,运营单位,文号,出版物号,时间
1,天羽之诗,移动,安徽新华电子音像出版社,杭州随手游网络科技有限公司,国新出审[2021]166号,ISBN 978-7-498-08692-1,2021年1月27日
2,六玄之苍,移动,杭州群游科技有限公司,厦门市奉孝文化传播有限公司,国新出审[2021]165号,ISBN 978-7-498-08694-5,2021年1月27日
3,放置海域,移动,上海众源网络有限公司,上海众源网络有限公司,国新出审[2021]164号,ISBN 978-7-498-08696-9,2021年1月27日
4,半盏复古行,移动,三辰影库音像出版社有限公司,北京十字星云技术开发有限公司,国新出审[2021]163号,ISBN 978-7-498-08698-3,2021年1月27日
5,野蛮人大作战2,移动,杭州电魂网络科技股份有限公司,杭州电魂网络科技股份有限公司,国新出审[2021]162号,ISBN 978-7-498-08700-3,2021年1月27日
6,传奇召唤师2,移动,杭州润趣科技有限公司,杭州非奇科技股份有限公司,国新出审[2021]161号,ISBN 978-7-498-08702-7,2021年1月27日
7,御龙主宰,移动,浙江出版集团数字传媒有限公司,绍兴天石网络科技有限公司,国新出审[2021]160号,ISBN 978-7-498-08704-1,2021年1月27日
8,狂欢动物岛,移动,西安交通大学出版社有限责任公司,西安叁角猫网络科技有限公司,国新出审[2021]159号,ISBN 978-7-498-08706-5,2021年1月27日
9,第八秩序,移动,上海科学技术文献出版社有限公司,上海浪险劲网络科技有限公司,国新出审[2021]158号,ISBN 978-7-498-08707-2,2021年1月27日
10,勇士模拟战,移动,湖北省扬子江影音有限责任公司,深圳策略一二三网络有限公司,国新出审[2021]157号,ISBN 978-7-498-08646-4,2021年1月27日
11,元气束灵师,移动,黑龙江龙华数字出版股份有限公司,成都市福乐游网络科技有限公司,国新出审[2021]156号,ISBN 978-7-498-08648-8,2021年1月27日
12,斗罗大陆-斗神再临,移动,上海电子出版有限公司,上海玄霆娱乐信息科技有限公司,国新出审[2021]155号,ISBN 978-7-498-08650-1,2021年1月27日
13,墨斗,移动,华中科技大学电子音像出版社,厦门市火柴人科技有限公司,国新出审[2021]154号,ISBN 978-7-498-08652-5,2021年1月27日
14,团子的旅行,移动,江苏凤凰电子音像出版社有限公司,南京魔度互娱信息技术有限公司,国新出审[2021]153号,ISBN 978-7-498-08654-9,2021年1月27日
15,狩猎使命,移动,广州四三九九信息科技有限公司,广州四三九九信息科技有限公司,国新出审[2021]152号,ISBN 978-7-498-08656-3,2021年1月27日
16,璀璨之旅,移动,四川数字出版传媒有限公司,成都玄星网络科技有限公司,国新出审[2021]151号,ISBN 978-7-498-08658-7,2021年1月27日
17,完美世界：诸神之战,移动,完美世界（北京）网络技术有限公司,完美世界（北京）软件科技发展有限公司,国新出审[2021]150号,ISBN 978-7-498-08660-0,2021年1月27日
18,无期迷途,移动,华东师范大学电子音像出版社有限公司,上海自意网络科技有限公司,国新出审[2021]149号,ISBN 978-7-498-08661-7,2021年1月27日
19,仙宠物语,移动,杭州润趣科技有限公司,杭州灿龙网络科技有限公司,国新出审[2021]148号,ISBN 978-7-498-08663-1,2021年1月27日
20,传世之光,移动,成都盈众九州网络科技有限公司,江苏嘉趣网络科技有限公司,国新出审[2021]147号,ISBN 978-7-498-08665-5,2021年1月27日
21,九州劫2,移动,广州多益网络股份有限公司,多益网络有限公司,国新出审[2021]146号,ISBN 978-7-498-08667-9,2021年1月27日
22,兵人指挥官,移动,黑龙江龙华数字出版股份有限公司,深圳市心游网络科技有限公司,国新出审[2021]145号,ISBN 978-7-498-08669-3,2021年1月27日
23,少年的人间奇遇,移动,江苏凤凰电子音像出版社有限公司,心动网络股份有限公司,国新出审[2021]144号,ISBN 978-7-498-08671-6,2021年1月27日
24,时间花园,移动,上海电子出版有限公司,有欧气网络科技（上海）有限公司,国新出审[2021]143号,ISBN 978-7-498-08673-0,2021年1月27日
25,河图寻仙记,移动,成都盈众九州网络科技有限公司,成都名图互娱科技有限公司,国新出审[2021]142号,ISBN 978-7-498-08674-7,2021年1月27日
26,迷你守卫队,移动,北京中清龙图网络技术有限公司,北京嘉美合顺科技有限公司,国新出审[2021]141号,ISBN 978-7-498-08676-1,2021年1月27日
27,骑兵冲突,移动,华东师范大学电子音像出版社有限公司,上海领音文化传播有限公司,国新出审[2021]140号,ISBN 978-7-498-08678-5,2021年1月27日
28,小动物之星,移动,深圳市创梦天地科技有限公司,深圳市创梦天地科技有限公司,国新出审[2021]139号,ISBN 978-7-498-08679-2,2021年1月27日
29,龙腾霸主,移动,三七互娱（上海）科技有限公司,上海冠航网络科技有限公司,国新出审[2021]138号,ISBN 978-7-498-08680-8,2021年1月27日
30,神行少女,移动,金报电子音像出版中心,天空盒子网络科技（北京）有限公司,国新出审[2021]137号,ISBN 978-7-498-08681-5,2021年1月27日
31,消除吧安迪,移动,宁波东海岸电子音像出版社有限公司,深圳市润谦科技有限公司,国新出审[2021]136号,ISBN 978-7-498-08682-2,2021年1月27日
32,空战之翼,移动,合肥乐堂动漫信息技术有限公司,合肥畅乐互动信息技术有限公司,国新出审[2021]135号,ISBN 978-7-498-08683-9,2021年1月27日
33,仙唐问天记,移动,广州多益网络股份有限公司,广东利为网络科技有限公司,国新出审[2021]134号,ISBN 978-7-498-08684-6,2021年1月27日
34,梦幻海岛,移动,宁波东海岸电子音像出版社有限公司,北京能量盒科技有限公司,国新出审[2021]133号,ISBN 978-7-498-08685-3,2021年1月27日
35,少女的王座,移动,成都盈众九州网络科技有限公司,广东星辉天拓互动娱乐有限公司,国新出审[2021]132号,ISBN 978-7-498-08686-0,2021年1月27日
36,金属对决,移动,华东师范大学电子音像出版社有限公司,上海纳原信息技术有限公司,国新出审[2021]131号,ISBN 978-7-498-08687-7,2021年1月27日
37,城堡传说大乱斗,移动,上海电子出版有限公司,上海仙豆网络信息科技有限责任公司,国新出审[2021]130号,ISBN 978-7-498-08688-4,2021年1月27日
38,巨兽战场,移动,上海乐蜀网络科技股份有限公司,上海彬捷网络科技有限公司,国新出审[2021]129号,ISBN 978-7-498-08689-1,2021年1月27日
39,天使翼灵,移动,北京冠游时空数码技术有限公司,北京冠游时空数码技术有限公司,国新出审[2021]128号,ISBN 978-7-498-08690-7,2021年1月27日
40,葫芦娃・奇幻世界,移动,上海商国网络科技发展有限公司,上海商国网络科技发展有限公司,国新出审[2021]127号,ISBN 978-7-498-08691-4,2021年1月27日
41,猫别野,移动,华东理工大学电子音像出版社,上海鲲侍网络科技有限公司,国新出审[2021]126号,ISBN 978-7-498-08693-8,2021年1月27日
42,荒野争霸,移动,浙江省期刊总社有限公司,浙江宇石网络科技有限公司,国新出审[2021]125号,ISBN 978-7-498-08695-2,2021年1月27日
43,弹球经典版,移动-休闲益智,天津电子出版社有限公司,武汉市多比特信息科技有限公司,国新出审[2021]124号,ISBN 978-7-498-08697-6,2021年1月27日
44,必牛象棋,移动-休闲益智,杭州润趣科技有限公司,奇迹互动（北京）科技有限公司,国新出审[2021]123号,ISBN 978-7-498-08699-0,2021年1月27日
45,百变拼装之星,移动-休闲益智,杭州边锋网络技术有限公司,杭州边锋网络技术有限公司,国新出审[2021]122号,ISBN 978-7-498-08701-0,2021年1月27日
46,火力飙车,移动-休闲益智,杭州群游科技有限公司,杭州圈外网络科技有限公司,国新出审[2021]121号,ISBN 978-7-498-08703-4,2021年1月27日
47,同桌五子棋,移动-休闲益智,天津电子出版社有限公司,北京同桌游戏科技有限公司,国新出审[2021]120号,ISBN 978-7-498-08705-8,2021年1月27日
48,奇迹枪手,移动-休闲益智,上海乐蜀网络科技股份有限公司,上海乐蜀网络科技股份有限公司,国新出审[2021]119号,ISBN 978-7-498-08645-7,2021年1月27日
49,火柴人大侠,移动-休闲益智,湖北省扬子江影音有限责任公司,南京呆萌猫网络科技有限公司,国新出审[2021]118号,ISBN 978-7-498-08647-1,2021年1月27日
50,异兽大冒险,移动-休闲益智,宁波东海岸电子音像出版社,重庆隆讯科技有限公司,国新出审[2021]117号,ISBN 978-7-498-08649-5,2021年1月27日
51,成语才子秀,移动-休闲益智,江苏凤凰电子音像出版社有限公司,南京网眼软件有限公司,国新出审[2021]116号,ISBN 978-7-498-08651-8,2021年1月27日
52,过山车大冒险,移动-休闲益智,杭州哲信信息技术有限公司,南京翰达睿信息技术有限公司,国新出审[2021]115号,ISBN 978-7-498-08643-3,2021年1月27日
53,绝地坦克争霸,移动-休闲益智,杭州紫府网络科技有限公司,北京赛诺斯科技发展有限责任公司,国新出审[2021]114号,ISBN 978-7-498-08641-9,2021年1月27日
54,块块对战,移动-休闲益智,黑龙江科学技术出版社有限公司,广州可酷淘信息技术有限公司,国新出审[2021]113号,ISBN 978-7-498-08708-9,2021年1月27日
55,公路赛车热潮,移动-休闲益智,杭州哲信信息技术有限公司,杭州流冠科技有限公司,国新出审[2021]112号,ISBN 978-7-498-08634-1,2021年1月27日
56,加减大师,移动-休闲益智,深圳中青宝互动网络股份有限公司,深圳市掌娱炫动信息技术有限公司,国新出审[2021]111号,ISBN 978-7-498-08632-7,2021年1月27日
57,青空战记,移动-休闲益智,华中科技大学电子音像出版社,武汉点智科技有限公司,国新出审[2021]110号,ISBN 978-7-498-08631-0,2021年1月27日
58,木块拼图消除,移动-休闲益智,杭州乐港科技有限公司,北京乐信圣文科技有限责任公司,国新出审[2021]109号,ISBN 978-7-498-08629-7,2021年1月27日
59,最强烧脑族,移动-休闲益智,天津电子出版社有限公司,武汉指娱互动信息技术有限公司,国新出审[2021]108号,ISBN 978-7-498-08628-0,2021年1月27日
60,冰火人公主与王子,移动-休闲益智,华中科技大学电子音像出版社,海南欢乐元素科技有限公司,国新出审[2021]107号,ISBN 978-7-498-08627-3,2021年1月27日
61,原始人猎手,移动-休闲益智,浙江出版集团数字传媒有限公司,杭州西米科技有限公司,国新出审[2021]106号,ISBN 978-7-498-08653-2,2021年1月27日
62,萌趣涂涂乐,移动-休闲益智,杭州烈焰网络技术有限公司,南阳新创元软件有限公司,国新出审[2021]105号,ISBN 978-7-498-08655-6,2021年1月27日
63,果冻女孩,移动-休闲益智,深圳中青宝互动网络股份有限公司,深圳市乐云无线科技有限公司,国新出审[2021]104号,ISBN 978-7-498-08657-0,2021年1月27日
64,英雄迷宫冒险,移动-休闲益智,浙江出版集团数字传媒有限公司,北京掌上易游科技有限公司,国新出审[2021]103号,ISBN 978-7-498-08659-4,2021年1月27日
65,迷你奇缘,移动-休闲益智,吉林音像出版社有限责任公司,深圳市火星人互动娱乐有限公司,国新出审[2021]102号,ISBN 978-7-498-08662-4,2021年1月27日
66,闲来涂个色,移动-休闲益智,广州盈正信息技术有限公司,火烈鸟网络（广州）股份有限公司,国新出审[2021]101号,ISBN 978-7-498-08664-8,2021年1月27日
67,火柴人快闪,移动-休闲益智,海南省电子音像出版社有限公司,海南喜相逢网络有限公司,国新出审[2021]100号,ISBN 978-7-498-08666-2,2021年1月27日
68,街舞时代,移动-休闲益智,上海晨路信息科技股份有限公司,上海宇望信息科技有限公司,国新出审[2021]99号,ISBN 978-7-498-08668-6,2021年1月27日
69,消不停农场,移动-休闲益智,海南省电子音像出版社有限公司,海南豪腾互动科技有限公司,国新出审[2021]98号,ISBN 978-7-498-08670-9,2021年1月27日
70,决战八荒,移动-休闲益智,广东太平洋电子出版社,广州千果互动传媒有限公司,国新出审[2021]97号,ISBN 978-7-498-08672-3,2021年1月27日
71,不败精灵,移动-休闲益智,杭州紫府网络科技有限公司,盐城昌兴科技有限公司,国新出审[2021]96号,ISBN 978-7-498-08709-6,2021年1月27日
72,爆裂枪王,移动-休闲益智,上海易娱网络科技有限公司,上海易娱网络科技有限公司,国新出审[2021]95号,ISBN 978-7-498-08675-4,2021年1月27日
73,超能赛车,移动-休闲益智,咪咕互动娱乐有限公司,南京原极信息科技有限公司,国新出审[2021]94号,ISBN 978-7-498-08677-8,2021年1月27日
74,萌新消消乐,移动-休闲益智,上海同济大学电子音像出版社有限公司,上海愉游网络科技有限公司,国新出审[2021]93号,ISBN 978-7-498-08644-0,2021年1月27日
75,主公请点将,移动-休闲益智,上海星翼网络信息有限公司,上海星翼网络信息有限公司,国新出审[2021]92号,ISBN 978-7-498-08642-6,2021年1月27日
76,冲刺大师,移动-休闲益智,广东音像出版社有限公司,深圳传趣网络技术有限公司,国新出审[2021]91号,ISBN 978-7-498-08640-2,2021年1月27日
77,枪火街头,移动-休闲益智,上海双盟网络科技有限公司,上海快之游网络科技有限公司,国新出审[2021]90号,ISBN 978-7-498-08639-6,2021年1月27日
78,躲避鱼群,移动-休闲益智,杭州渡口网络科技有限公司,海南圣享网络科技有限公司,国新出审[2021]89号,ISBN 978-7-498-08638-9,2021年1月27日
79,奇迹摩托,移动-休闲益智,厦门雷霆互动网络有限公司,厦门云域网络科技有限公司,国新出审[2021]88号,ISBN 978-7-498-08637-2,2021年1月27日
80,跃向星空,移动-休闲益智,杭州美盛游戏技术开发有限公司,金华市通海网络科技有限公司,国新出审[2021]87号,ISBN 978-7-498-08636-5,2021年1月27日
81,中华生僻字,移动-休闲益智,河北冠林数字出版有限公司,深圳市六六玩科技有限公司,国新出审[2021]86号,ISBN 978-7-498-08635-8,2021年1月27日
82,台球王者,移动-休闲益智,广东海燕电子音像出版社有限公司,广州兆熙信息科技有限公司,国新出审[2021]85号,ISBN 978-7-498-08633-4,2021年1月27日
83,忍术对决,移动-休闲益智,北京侠客行网络技术有限公司,北京慕远科技有限公司,国新出审[2021]84号,ISBN 978-7-498-08630-3,2021年1月27日
84,全民超能坦克大战,移动-休闲益智,杭州浮云网络科技有限公司,杭州游猫网络科技有限公司,国新出审[2021]83号,ISBN 978-7-498-08626-6,2021年1月27日
85,月影之塔,游戏机（Nintendo Switch）,深圳中青宝互动网络股份有限公司,北京可梦科技有限公司,国新出审[2021]289号,ISBN 978-7-498-08742-3,2021年2月7日
86,勇者日记,移动,华东师范大学电子音像出版社有限公司,上海浪险劲网络科技有限公司,国新出审[2021]288号,ISBN 978-7-498-08741-6,2021年2月7日
87,星火之歌,移动,华中科技大学电子音像出版社,杭州猫步网络科技有限公司,国新出审[2021]287号,ISBN 978-7-498-08740-9,2021年2月7日
88,火柴人归来,移动,上海同济大学电子音像出版社有限公司,上海瞬娱网络科技有限公司,国新出审[2021]286号,ISBN 978-7-498-08739-3,2021年2月7日
89,伊甸园的骄傲,移动,上海游族信息技术有限公司,上海游族信息技术有限公司,国新出审[2021]285号,ISBN 978-7-498-08737-9,2021年2月7日
90,战斗天使,移动,成都龙渊网络科技有限公司,成都龙渊网络科技有限公司,国新出审[2021]284号,ISBN 978-7-498-08736-2,2021年2月7日
91,江山：烽火连城,移动,天津电子出版社有限公司,上海瀚宙网络科技有限公司,国新出审[2021]283号,ISBN 978-7-498-08734-8,2021年2月7日
92,桃源记,移动,杭州紫府网络科技有限公司,石家庄酷比网络科技有限公司,国新出审[2021]282号,ISBN 978-7-498-08732-4,2021年2月7日
93,奥比岛：梦想国度,移动,广州百田信息科技有限公司,广州天梯网络科技有限公司,国新出审[2021]281号,ISBN 978-7-498-08730-0,2021年2月7日
94,元能失控：远征,移动,海南省电子音像出版社有限公司,海南火猫网络科技有限公司,国新出审[2021]280号,ISBN 978-7-498-08728-7,2021年2月7日
95,圣光与荣耀,移动,上海电子出版有限公司,上海仙豆网络信息科技有限责任公司,国新出审[2021]279号,ISBN 978-7-498-08725-6,2021年2月7日
96,烟雨长安,移动,黑龙江龙华数字出版股份有限公司,广州千红网络科技有限公司,国新出审[2021]278号,ISBN 978-7-498-08723-2,2021年2月7日
97,旅行江湖,移动,辽宁电子出版社有限责任公司,沈阳美嘉信息科技股份有限公司,国新出审[2021]277号,ISBN 978-7-498-08719-5,2021年2月7日
98,符剑如律令,移动,华东师范大学电子音像出版社有限公司,心动网络股份有限公司,国新出审[2021]276号,ISBN 978-7-498-08717-1,2021年2月7日
99,攻城天下,移动,三辰影库音像出版社有限公司,镇江悦乐网络科技有限公司,国新出审[2021]275号,ISBN 978-7-498-08716-4,2021年2月7日
100,氏族攻防战,移动,安徽新华电子音像出版社,杭州随手游网络科技有限公司,国新出审[2021]274号,ISBN 978-7-498-08715-7,2021年2月7日
101,超级改造家,移动,北京中清龙图网络技术有限公司,北京流信科技有限公司,国新出审[2021]273号,ISBN 978-7-498-08714-0,2021年2月7日
102,纯白和弦,移动,成都盈众九州网络科技有限公司,上海煜龙信息科技有限公司,国新出审[2021]272号,ISBN 978-7-498-08713-3,2021年2月7日
103,森林派对,客户端,杭州边锋网络技术有限公司,杭州边锋网络技术有限公司,国新出审[2021]271号,ISBN 978-7-498-08712-6,2021年2月7日
104,丛林求生,移动,江苏凤凰电子音像出版社有限公司,苏州大禹网络科技有限公司,国新出审[2021]270号,ISBN 978-7-498-08711-9,2021年2月7日
105,消消英雄,移动,杭州美盛游戏技术开发有限公司,北京柠檬微趣科技股份有限公司,国新出审[2021]269号,ISBN 978-7-498-08710-2,2021年2月7日
106,创想魔法团,移动,杭州群游科技有限公司,上海达趣网络科技有限公司,国新出审[2021]268号,ISBN 978-7-498-08764-5,2021年2月7日
107,开心搭建,移动,河北冠林数字出版有限公司,北京速信达科技有限公司,国新出审[2021]267号,ISBN 978-7-498-08792-8,2021年2月7日
108,花亦山心之月,移动,三辰影库音像出版社有限公司,北京朝夕光年信息技术有限公司,国新出审[2021]266号,ISBN 978-7-498-08791-1,2021年2月7日
109,突突兔兔,移动,北京中电电子出版社,北京天凡科技有限公司,国新出审[2021]265号,ISBN 978-7-498-08790-4,2021年2月7日
110,黎明生存,移动,杭州紫府网络科技有限公司,成都合润轩网络科技有限公司,国新出审[2021]264号,ISBN 978-7-498-08789-8,2021年2月7日
111,云端问仙,移动,成都盈众九州网络科技有限公司,深圳市掌心网络科技有限公司,国新出审[2021]263号,ISBN 978-7-498-08788-1,2021年2月7日
112,篮球经理人,移动,海南省电子音像出版社有限公司,海南时年体育科技有限公司,国新出审[2021]262号,ISBN 978-7-498-08787-4,2021年2月7日
113,混沌天机,客户端,杭州群游科技有限公司,广西一代网络科技有限公司,国新出审[2021]261号,ISBN 978-7-498-08786-7,2021年2月7日
114,赛尔特大陆,移动,黑龙江龙华数字出版股份有限公司,海南祥莱网络科技有限公司,国新出审[2021]260号,ISBN 978-7-498-08785-0,2021年2月7日
115,上阳赋,移动,广州银汉科技有限公司,成都巴纳移动科技有限公司,国新出审[2021]259号,ISBN 978-7-498-08784-3,2021年2月7日
116,主播经纪公司,客户端,江苏凤凰电子音像出版社有限公司,江苏凤凰数字传媒有限公司,国新出审[2021]258号,ISBN 978-7-498-08783-6,2021年2月7日
117,溯源,移动,上海方寸信息科技有限公司,上海晁图网络科技有限公司,国新出审[2021]257号,ISBN 978-7-498-08782-9,2021年2月7日
118,凡人传说,移动,上海同济大学电子音像出版社有限公司,上海雷萤网络科技有限公司,国新出审[2021]256号,ISBN 978-7-498-08780-5,2021年2月7日
119,我是航海家,移动,湖南电子音像出版社有限责任公司,长沙上游网络科技有限公司,国新出审[2021]255号,ISBN 978-7-498-08778-2,2021年2月7日
120,星梦计划,移动,成都盈众九州网络科技有限公司,深圳市芷艺网络科技有限公司,国新出审[2021]254号,ISBN 978-7-498-08777-5,2021年2月7日
121,武道将魂,移动,华中科技大学电子音像出版社,河北盛世千月网络科技有限公司,国新出审[2021]253号,ISBN 978-7-498-08775-1,2021年2月7日
122,召唤先锋,移动,黑龙江龙华数字出版股份有限公司,混核科技（海南）有限公司,国新出审[2021]252号,ISBN 978-7-498-08773-7,2021年2月7日
123,食旅山海,移动,杭州群游科技有限公司,杭州初宇游戏科技有限公司,国新出审[2021]251号,ISBN 978-7-498-08771-3,2021年2月7日
124,极乐精英,移动,吉林音像出版社有限责任公司,海南金蚕网络科技有限公司,国新出审[2021]250号,ISBN 978-7-498-08769-0,2021年2月7日
125,物种奇境,移动,方圆电子音像出版社有限责任公司,北京果壳互动科技传媒有限公司,国新出审[2021]249号,ISBN 978-7-498-08767-6,2021年2月7日
126,萌喵宠物店,移动,辽宁电子出版社有限责任公司,大连深蓝广告有限公司,国新出审[2021]248号,ISBN 978-7-498-08781-2,2021年2月7日
127,宠物冒险家,移动-休闲益智,湖北省扬子江影音有限责任公司,深圳市阿斯卡德信息技术有限公司,国新出审[2021]247号,ISBN 978-7-498-08779-9,2021年2月7日
128,风趣象棋,移动-休闲益智,杭州紫府网络科技有限公司,大丰元亨信息技术有限公司,国新出审[2021]246号,ISBN 978-7-498-08776-8,2021年2月7日
129,王牌飞刀手,移动-休闲益智,宁波东海岸电子音像出版社有限公司,深圳市禅游科技股份有限公司,国新出审[2021]245号,ISBN 978-7-498-08793-5,2021年2月7日
130,城市超级格斗,移动-休闲益智,杭州哲信信息技术有限公司,南京翰达睿信息技术有限公司,国新出审[2021]244号,ISBN 978-7-498-08760-7,2021年2月7日
131,三角形拼图,移动-休闲益智,宁波东海岸电子音像出版社有限公司,武汉优量信息技术有限公司,国新出审[2021]243号,ISBN 978-7-498-08758-4,2021年2月7日
132,弹来弹去,移动-休闲益智,天津电子出版社有限公司,武汉市多比特信息科技有限公司,国新出审[2021]242号,ISBN 978-7-498-08756-0,2021年2月7日
133,老鼠大冒险,移动-休闲益智,浙江出版集团数字传媒有限公司,北京古鲁营销顾问有限公司,国新出审[2021]241号,ISBN 978-7-498-08753-9,2021年2月7日
134,逆空使命,移动-休闲益智,江苏凤凰电子音像出版社有限公司,北京巨量引擎网络技术有限公司,国新出审[2021]240号,ISBN 978-7-498-08751-5,2021年2月7日
135,数字碰碰乐,移动-休闲益智,天津电子出版社有限公司,武汉指娱互动信息技术有限公司,国新出审[2021]239号,ISBN 978-7-498-08749-2,2021年2月7日
136,寻宝物语,移动-休闲益智,杭州乐港科技有限公司,安徽哪吒互娱信息技术有限公司,国新出审[2021]238号,ISBN 978-7-498-08747-8,2021年2月7日
137,挡不住的胜利,移动-休闲益智,吉林音像出版社有限责任公司,深圳市掌上方舟科技有限公司,国新出审[2021]237号,ISBN 978-7-498-08744-7,2021年2月7日
138,精英泡泡堂,移动-休闲益智,上海晨路信息科技股份有限公司,上海韧玩网络科技有限公司,国新出审[2021]236号,ISBN 978-7-498-08774-4,2021年2月7日
139,烧脑游戏,移动-休闲益智,海南省电子音像出版社有限公司,海南喜相逢网络有限公司,国新出审[2021]235号,ISBN 978-7-498-08772-0,2021年2月7日
140,飞虫大冒险,移动-休闲益智,杭州乐港科技有限公司,宿州手游互联信息技术有限公司,国新出审[2021]234号,ISBN 978-7-498-08770-6,2021年2月7日
141,台球传说,移动-休闲益智,深圳中青宝互动网络股份有限公司,深圳市手心游戏科技有限公司,国新出审[2021]233号,ISBN 978-7-498-08768-3,2021年2月7日
142,传趣消消乐,移动-休闲益智,广东音像出版社有限公司,深圳传趣网络技术有限公司,国新出审[2021]232号,ISBN 978-7-498-08766-9,2021年2月7日
143,女孩与海,移动-休闲益智,深圳市创梦天地科技有限公司,深圳市创梦天地科技有限公司,国新出审[2021]231号,ISBN 978-7-498-08765-2,2021年2月7日
144,军棋翻翻棋,移动-休闲益智,杭州边锋网络技术有限公司,杭州边浙网络技术有限公司,国新出审[2021]230号,ISBN 978-7-498-08763-8,2021年2月7日
145,有趣的比赛,移动-休闲益智,咪咕互动娱乐有限公司,北京凝云智跃科技有限公司,国新出审[2021]229号,ISBN 978-7-498-08762-1,2021年2月7日
146,开心题典,移动-休闲益智,上海易娱网络科技有限公司,上海易娱网络科技有限公司,国新出审[2021]228号,ISBN 978-7-498-08761-4,2021年2月7日
147,喵喵嘻加加,移动-休闲益智,吉林音像出版社有限责任公司,南京游鸣信息科技有限公司,国新出审[2021]227号,ISBN 978-7-498-08759-1,2021年2月7日
148,异星要塞,移动-休闲益智,上海晨路信息科技股份有限公司,上海鑫线信息技术有限公司,国新出审[2021]226号,ISBN 978-7-498-08757-7,2021年2月7日
149,咔嚓一下,移动-休闲益智,深圳中青宝互动网络股份有限公司,深圳时代首游互动科技有限公司,国新出审[2021]225号,ISBN 978-7-498-08755-3,2021年2月7日
150,魔镜冒险英雄,移动-休闲益智,杭州渡口网络科技有限公司,浙江擎天网络科技有限公司,国新出审[2021]224号,ISBN 978-7-498-08754-6,2021年2月7日
151,星宠大作战,移动-休闲益智,河北冠林数字出版有限公司,北京乐蜜科技有限责任公司,国新出审[2021]223号,ISBN 978-7-498-08752-2,2021年2月7日
152,一消倾心,移动-休闲益智,上海方寸信息科技有限公司,上海敢客网络科技有限公司,国新出审[2021]222号,ISBN 978-7-498-08750-8,2021年2月7日
153,小森灵,移动-休闲益智,江西高校出版社有限责任公司,广州可酷淘信息技术有限公司,国新出审[2021]221号,ISBN 978-7-498-08748-5,2021年2月7日
154,五子棋争霸,移动-休闲益智,杭州润趣科技有限公司,南京呆萌猫网络科技有限公司,国新出审[2021]220号,ISBN 978-7-498-08746-1,2021年2月7日
155,土耳其滑块,移动-休闲益智,四川数字出版传媒有限公司,绵阳智如科技有限责任公司,国新出审[2021]219号,ISBN 978-7-498-08745-4,2021年2月7日
156,军临旗下,移动-休闲益智,北京北纬通信科技股份有限公司,北京北纬通信科技股份有限公司,国新出审[2021]218号,ISBN 978-7-498-08743-0,2021年2月7日
157,战机凯旋,移动-休闲益智,安徽新华电子音像出版社,上海海之水网络科技有限公司,国新出审[2021]217号,ISBN 978-7-498-08738-6,2021年2月7日
158,舌尖上的小镇,移动-休闲益智,北京百度多酷科技有限公司,北京百度多酷科技有限公司,国新出审[2021]216号,ISBN 978-7-498-08735-5,2021年2月7日
159,果园大消除,移动-休闲益智,杭州润趣科技有限公司,南阳新创元软件有限公司,国新出审[2021]215号,ISBN 978-7-498-08733-1,2021年2月7日
160,天天爱诗词,移动-休闲益智,宁波东海岸电子音像出版社有限公司,深圳市来玩科技有限公司,国新出审[2021]214号,ISBN 978-7-498-08731-7,2021年2月7日
161,球球混斗,移动-休闲益智,咪咕互动娱乐有限公司,杭州流冠科技有限公司,国新出审[2021]213号,ISBN 978-7-498-08729-4,2021年2月7日
162,精英小鸟,移动-休闲益智,上海晨路信息科技股份有限公司,上海奥势网络科技有限公司,国新出审[2021]212号,ISBN 978-7-498-08727-0,2021年2月7日
163,机甲神兵,移动-休闲益智,浙江出版集团数字传媒有限公司,杭州悦动互娱科技有限公司,国新出审[2021]211号,ISBN 978-7-498-08726-3,2021年2月7日
164,物理旋转球,移动-休闲益智,辽宁电子出版社有限责任公司,南京天豆互动网络科技有限公司,国新出审[2021]210号,ISBN 978-7-498-08724-9,2021年2月7日
165,灵剑侠侣,移动-休闲益智,广东太平洋电子出版社,广州千果互动传媒有限公司,国新出审[2021]209号,ISBN 978-7-498-08722-5,2021年2月7日
166,英雄与城堡,移动-休闲益智,浙江省期刊总社有限公司,杭州炎魂网络科技有限公司,国新出审[2021]208号,ISBN 978-7-498-08721-8,2021年2月7日
167,迷宫探险家,移动-休闲益智,浙江文艺音像出版社有限公司,北京光耀大地科技有限公司,国新出审[2021]207号,ISBN 978-7-498-08720-1,2021年2月7日
168,不可思议的商店,移动-休闲益智,小沃科技有限公司,小沃科技有限公司,国新出审[2021]206号,ISBN 978-7-498-08718-8,2021年2月7日
169,森林英雄,移动,方圆电子音像出版社有限责任公司,上海邀玩网络技术有限公司,国新出审[2021]636号,ISBN 978-7-498-08987-8,2021年3月19日
170,星耀战纪,移动,上海电子出版有限公司,上海铂漫网络科技有限公司,国新出审[2021]635号,ISBN 978-7-498-08985-4,2021年3月19日
171,侠义风云诀,移动,成都盈众九州网络科技有限公司,成都梦工厂网络信息有限公司,国新出审[2021]634号,ISBN 978-7-498-08983-0,2021年3月19日
172,铃兰计划,客户端、游戏机（PS4）,深圳中青宝互动网络股份有限公司,深圳时代首游互动科技有限公司,国新出审[2021]633号,ISBN 978-7-498-08993-9,2021年3月19日
173,万魂觉醒,移动,海南省电子音像出版社有限公司,海南盛天游网络科技有限公司,国新出审[2021]632号,ISBN 978-7-498-08980-9,2021年3月19日
174,我是大东家,移动,上海同济大学电子音像出版社有限公司,益世界网络科技（上海）有限公司,国新出审[2021]631号,ISBN 978-7-498-08978-6,2021年3月19日
175,恶魔秘境,客户端,湖北省扬子江影音有限责任公司,成都游茶科技有限公司,国新出审[2021]630号,ISBN 978-7-498-08976-2,2021年3月19日
176,进击的魔导士,移动,北京联合出版有限责任公司,北京骏加科技有限责任公司,国新出审[2021]629号,ISBN 978-7-498-08973-1,2021年3月19日
177,养猪大王,移动,辽宁电子出版社有限责任公司,深圳市奈斯互动科技有限公司,国新出审[2021]628号,ISBN 978-7-498-08971-7,2021年3月19日
178,巨龙之痕,移动,浙江省期刊总社有限公司,杭州非奇科技股份有限公司,国新出审[2021]627号,ISBN 978-7-498-08969-4,2021年3月19日
179,魔力宝贝：旅人,移动,华东师范大学电子音像出版社有限公司,上海塔人网络科技股份有限公司,国新出审[2021]626号,ISBN 978-7-498-08967-0,2021年3月19日
180,超凡守卫战,移动,上海乐蜀网络科技股份有限公司,上海聚初信息科技有限公司,国新出审[2021]625号,ISBN 978-7-498-08992-2,2021年3月19日
181,起源战纪,移动,成都盈众九州网络科技有限公司,深圳印象互娱网络科技有限公司,国新出审[2021]624号,ISBN 978-7-498-08991-5,2021年3月19日
182,方寸对决,移动,深圳中青宝互动网络股份有限公司,北京好乐游网络科技有限公司,国新出审[2021]623号,ISBN 978-7-498-08990-8,2021年3月19日
183,一起当勇士,移动,辽宁电子出版社有限责任公司,上海连娱网络科技有限公司,国新出审[2021]622号,ISBN 978-7-498-08989-2,2021年3月19日
184,魔之序曲,移动,黑龙江龙华数字出版股份有限公司,厦门西岐网络股份有限公司,国新出审[2021]621号,ISBN 978-7-498-08988-5,2021年3月19日
185,幻灵师,移动,四川数字出版传媒有限公司,成都启乐科技有限公司,国新出审[2021]620号,ISBN 978-7-498-08986-1,2021年3月19日
186,零域战线,移动,上海科学技术文献出版社有限公司,上海麦卓网络科技有限公司,国新出审[2021]619号,ISBN 978-7-498-08984-7,2021年3月19日
187,咪莫,移动,三辰影库音像出版社有限公司,北京震宇翱翔文化创意有限公司,国新出审[2021]618号,ISBN 978-7-498-08982-3,2021年3月19日
188,军团战棋英雄时代,移动,华东师范大学电子音像出版社有限公司,上海领音文化传播有限公司,国新出审[2021]617号,ISBN 978-7-498-08981-6,2021年3月19日
189,临界存在少女,移动,江苏凤凰电子音像出版社有限公司,江苏凤凰数字传媒有限公司,国新出审[2021]616号,ISBN 978-7-498-08979-3,2021年3月19日
190,猛宠派对,客户端,天津电子出版社有限公司,北京隽游网络科技有限公司,国新出审[2021]615号,ISBN 978-7-498-08977-9,2021年3月19日
191,绝对演绎,移动,广州网易计算机系统有限公司,杭州网易雷火科技有限公司,国新出审[2021]614号,ISBN 978-7-498-08975-5,2021年3月19日
192,宝石研物语：伊恩之石,移动,黑龙江龙华数字出版股份有限公司,上海花度网络科技有限公司,国新出审[2021]613号,ISBN 978-7-498-08974-8,2021年3月19日
193,女神联盟：契约,移动,上海声像电子出版社,上海冰与火网络科技有限公司,国新出审[2021]612号,ISBN 978-7-498-08972-4,2021年3月19日
194,黎明与守护,移动,宁波东海岸电子音像出版社有限公司,雷神互娱（天津）科技有限公司,国新出审[2021]611号,ISBN 978-7-498-08970-0,2021年3月19日
195,边境2109,移动,成都超级梦网络技术股份有限公司,成都冰熊网络科技有限责任公司,国新出审[2021]610号,ISBN 978-7-498-08968-7,2021年3月19日
196,破碎方舟,移动,杭州群游科技有限公司,安徽星战信息科技有限公司,国新出审[2021]609号,ISBN 978-7-498-08966-3,2021年3月19日
197,碎片剑术学院,移动,北京科海电子出版社,北京新阳互动网络科技有限公司,国新出审[2021]608号,ISBN 978-7-498-08965-6,2021年3月19日
198,锦绣山河,移动,海南省电子音像出版社有限公司,海南千纸鹤网络科技有限公司,国新出审[2021]607号,ISBN 978-7-498-08964-9,2021年3月19日
199,随机点数大师,移动,江苏凤凰电子音像出版社有限公司,南京麻友网络科技有限公司,国新出审[2021]606号,ISBN 978-7-498-08963-2,2021年3月19日
200,要塞远征,移动,北京联合出版有限责任公司,北京闻和网络科技有限公司,国新出审[2021]605号,ISBN 978-7-498-08961-8,2021年3月19日
201,盛唐烟雨,移动,上海电子出版有限公司,上海爱的甜栗科技有限公司,国新出审[2021]604号,ISBN 978-7-498-08960-1,2021年3月19日
202,征战纪元,移动,上海科学技术文献出版社有限公司,北京慕远科技有限公司,国新出审[2021]603号,ISBN 978-7-498-08958-8,2021年3月19日
203,刃心2,移动,厦门雷霆互动网络有限公司,厦门青瓷文化传播有限公司,国新出审[2021]602号,ISBN 978-7-498-08956-4,2021年3月19日
204,旭日之城,移动,北京科海电子出版社,北京壳木软件有限责任公司,国新出审[2021]601号,ISBN 978-7-498-08955-7,2021年3月19日
205,梵花录,移动,方圆电子音像出版社有限责任公司,北京妙动时光文化传媒有限公司,国新出审[2021]600号,ISBN 978-7-498-08954-0,2021年3月19日
206,山海小镇,移动,辽宁电子出版社有限责任公司,南京皮卡豆信息技术有限公司,国新出审[2021]599号,ISBN 978-7-498-08953-3,2021年3月19日
207,弹射王2,移动,宁波东海岸电子音像出版社有限公司,广州市蓝色动力数码科技有限公司,国新出审[2021]598号,ISBN 978-7-498-08951-9,2021年3月19日
208,遇见龙,移动,黑龙江龙华数字出版股份有限公司,天津英雄互娱科技有限公司,国新出审[2021]597号,ISBN 978-7-498-08950-2,2021年3月19日
209,弹幕枪王,移动,浙江出版集团数字传媒有限公司,奇游天地（深圳）科技有限公司,国新出审[2021]596号,ISBN 978-7-498-08948-9,2021年3月19日
210,胡莱三国4,移动,互爱互动（北京）科技有限公司,互爱（北京）科技股份有限公司,国新出审[2021]595号,ISBN 978-7-498-08946-5,2021年3月19日
211,天道模拟器,移动,华中科技大学电子音像出版社,武汉择天文化传媒有限公司,国新出审[2021]594号,ISBN 978-7-498-08944-1,2021年3月19日
212,无境战地口袋版,移动,福建网龙计算机网络信息技术有限公司,福建省天晴互动娱乐有限公司,国新出审[2021]593号,ISBN 978-7-498-08942-7,2021年3月19日
213,管道梦工厂,移动-休闲益智,天津电子出版社有限公司,武汉市多比特信息科技有限公司,国新出审[2021]592号,ISBN 978-7-498-08940-3,2021年3月19日
214,加菲猫梦想生活,移动-休闲益智,方圆电子音像出版社有限责任公司,河北触乐信息科技有限公司,国新出审[2021]591号,ISBN 978-7-498-08994-6,2021年3月19日
215,全民军棋大战,移动-休闲益智,杭州边锋网络技术有限公司,杭州边锋网络技术有限公司,国新出审[2021]590号,ISBN 978-7-498-08934-2,2021年3月19日
216,快乐方块屋,移动-休闲益智,天津电子出版社有限公司,武汉汇多互动信息技术有限公司,国新出审[2021]589号,ISBN 978-7-498-08932-8,2021年3月19日
217,小飞机大冒险,移动-休闲益智,广州盈正信息技术有限公司,杭州呆喵网络科技有限公司,国新出审[2021]588号,ISBN 978-7-498-08930-4,2021年3月19日
218,家园改造计划,移动-休闲益智,杭州边锋网络技术有限公司,苏州尚游网络科技有限公司,国新出审[2021]587号,ISBN 978-7-498-08928-1,2021年3月19日
219,抓鸡大师,移动-休闲益智,上海乐蜀网络科技股份有限公司,上海乐蜀网络科技股份有限公司,国新出审[2021]586号,ISBN 978-7-498-08925-0,2021年3月19日
220,功夫毽子,移动-休闲益智,杭州群游科技有限公司,微格瑞（北京）网络科技有限公司,国新出审[2021]585号,ISBN 978-7-498-08923-6,2021年3月19日
221,萌萌大作战,移动-休闲益智,湖北省扬子江影音有限责任公司,武汉玩伴网络科技有限公司,国新出审[2021]584号,ISBN 978-7-498-08921-2,2021年3月19日
222,萌宠跑得快,移动-休闲益智,杭州润趣科技有限公司,南阳新创元软件有限公司,国新出审[2021]583号,ISBN 978-7-498-08919-9,2021年3月19日
223,非常地鼠,移动-休闲益智,宁波东海岸电子音像出版社有限公司,重庆远天科技有限公司,国新出审[2021]582号,ISBN 978-7-498-08917-5,2021年3月19日
224,元气蛋蛋王,移动-休闲益智,华中科技大学电子音像出版社,深圳霍斯科技有限公司,国新出审[2021]581号,ISBN 978-7-498-08916-8,2021年3月19日
225,火柴人封锁突围,移动-休闲益智,杭州哲信信息技术有限公司,杭州流冠科技有限公司,国新出审[2021]580号,ISBN 978-7-498-08962-5,2021年3月19日
226,王国守卫,移动-休闲益智,浙江出版集团数字传媒有限公司,杭州西米科技有限公司,国新出审[2021]579号,ISBN 978-7-498-08959-5,2021年3月19日
227,细胞成长日记,移动-休闲益智,杭州润趣科技有限公司,浙江盛和网络科技有限公司,国新出审[2021]578号,ISBN 978-7-498-08957-1,2021年3月19日
228,欢乐球球跳一跳,移动-休闲益智,黑龙江科学技术出版社有限公司,北京古鲁营销顾问有限公司,国新出审[2021]577号,ISBN 978-7-498-08952-6,2021年3月19日
229,飞奔达人,移动-休闲益智,杭州烈焰网络技术有限公司,江苏永炬星信息科技有限公司,国新出审[2021]576号,ISBN 978-7-498-08949-6,2021年3月19日
230,一画到底,移动-休闲益智,上海科学技术文献出版社有限公司,上海仙豆网络信息科技有限责任公司,国新出审[2021]575号,ISBN 978-7-498-08947-2,2021年3月19日
231,跃动小子,移动-休闲益智,杭州紫府网络科技有限公司,大丰黑贝信息技术有限公司,国新出审[2021]574号,ISBN 978-7-498-08945-8,2021年3月19日
232,归途大作战,移动-休闲益智,广州盈正信息技术有限公司,上海浪险劲网络科技有限公司,国新出审[2021]573号,ISBN 978-7-498-08943-4,2021年3月19日
233,成语状元榜,移动-休闲益智,吉林音像出版社有限责任公司,广州小迈网络科技有限公司,国新出审[2021]572号,ISBN 978-7-498-08941-0,2021年3月19日
234,消失的羽衣,移动-休闲益智,黑龙江科学技术出版社有限公司,海南西瓜互娱网络科技有限公司,国新出审[2021]571号,ISBN 978-7-498-08939-7,2021年3月19日
235,花花填色,移动-休闲益智,江苏凤凰电子音像出版社有限公司,西安点扣软件科技有限公司,国新出审[2021]570号,ISBN 978-7-498-08938-0,2021年3月19日
236,漂移达人,移动-休闲益智,海南省电子音像出版社有限公司,海南幸福传承文化传播有限公司,国新出审[2021]569号,ISBN 978-7-498-08937-3,2021年3月19日
237,细胞出击,移动-休闲益智,杭州乐港科技有限公司,宿州手游互联信息技术有限公司,国新出审[2021]568号,ISBN 978-7-498-08936-6,2021年3月19日
238,迷宫法则,移动-休闲益智,浙江出版集团数字传媒有限公司,绍兴上虞酷游网络科技有限公司,国新出审[2021]567号,ISBN 978-7-498-08935-9,2021年3月19日
239,钓鱼传奇,移动-休闲益智,成都盈众九州网络科技有限公司,成都九方互动信息技术有限公司,国新出审[2021]566号,ISBN 978-7-498-08933-5,2021年3月19日
240,萌炮争霸,移动-休闲益智,广州盈正信息技术有限公司,火烈鸟网络(广州)股份有限公司,国新出审[2021]565号,ISBN 978-7-498-08931-1,2021年3月19日
241,人人爱投篮,移动-休闲益智,咪咕互动娱乐有限公司,南京原极信息科技有限公司,国新出审[2021]564号,ISBN 978-7-498-08929-8,2021年3月19日
242,围棋小子,移动-休闲益智,上海晨路信息科技股份有限公司,上海韧玩网络科技有限公司,国新出审[2021]563号,ISBN 978-7-498-08927-4,2021年3月19日
243,荒野大英雄,移动-休闲益智,上海易娱网络科技有限公司,上海易娱网络科技有限公司,国新出审[2021]562号,ISBN 978-7-498-08926-7,2021年3月19日
244,新俄罗斯方块,移动-休闲益智,四川数字出版传媒有限公司,绵阳智如科技有限责任公司,国新出审[2021]561号,ISBN 978-7-498-08924-3,2021年3月19日
245,动物联盟大探索,移动-休闲益智,浙江文艺音像出版社有限公司,北京掌上易游科技有限公司,国新出审[2021]560号,ISBN 978-7-498-08922-9,2021年3月19日
246,华容道天天玩,移动-休闲益智,杭州边锋网络技术有限公司,杭州边浙网络技术有限公司,国新出审[2021]559号,ISBN 978-7-498-08920-5,2021年3月19日
247,我的小花仙,移动-休闲益智,湖北省扬子江影音有限责任公司,成都雷兽互动科技有限公司,国新出审[2021]558号,ISBN 978-7-498-08918-2,2021年3月19日
248,闪电冲线,移动-休闲益智,杭州紫府网络科技有限公司,北京赛诺斯科技发展有限责任公司,国新出审[2021]557号,ISBN 978-7-498-08915-1,2021年3月19日
249,勇士与旅途,移动,海南省电子音像出版社有限公司,海南自贸区椰云网络科技有限公司,国新出审[2021]474号,ISBN 978-7-498-08913-7,2021年3月4日
250,探险奇幻记,移动,上海电子出版有限公司,广州卓乐网络科技有限公司,国新出审[2021]473号,ISBN 978-7-498-08912-0,2021年3月4日
251,命运战争,移动,上海科学技术文献出版社有限公司,上海常游网络科技有限公司,国新出审[2021]472号,ISBN 978-7-498-08911-3,2021年3月4日
252,动物江湖,移动,深圳中青宝互动网络股份有限公司,深圳市探娱互动科学文化有限公司,国新出审[2021]471号,ISBN 978-7-498-08909-0,2021年3月4日
253,原始征途,移动,上海巨人网络科技有限公司,巨人移动科技有限公司,国新出审[2021]470号,ISBN 978-7-498-08908-3,2021年3月4日
254,山海诛妖记,移动,黑龙江科学技术出版社有限公司,北京逸通互联网信息服务有限公司,国新出审[2021]469号,ISBN 978-7-498-08907-6,2021年3月4日
255,军团,移动,厦门雷霆互动网络有限公司,深圳雷霆信息技术有限公司,国新出审[2021]468号,ISBN 978-7-498-08906-9,2021年3月4日
256,火柴人功夫大战,移动,咪咕互动娱乐有限公司,南京原极信息科技有限公司,国新出审[2021]467号,ISBN 978-7-498-08905-2,2021年3月4日
257,异界之上,客户端,宁波东海岸电子音像出版社有限公司,上海隐心网络科技有限公司,国新出审[2021]466号,ISBN 978-7-498-08904-5,2021年3月4日
258,怪咖英雄,移动,广东趣炫网络股份有限公司,广东趣炫网络股份有限公司,国新出审[2021]465号,ISBN 978-7-498-08903-8,2021年3月4日
259,拣爱,移动,深圳中青宝互动网络股份有限公司,深圳时代首游互动科技有限公司,国新出审[2021]464号,ISBN 978-7-498-08910-6,2021年3月4日
260,小小无双,移动,上海科学技术文献出版社有限公司,上海盛维网络科技有限公司,国新出审[2021]463号,ISBN 978-7-498-08902-1,2021年3月4日
261,如意芳霏,移动,上海电子出版有限公司,上海交叉点信息科技有限公司,国新出审[2021]462号,ISBN 978-7-498-08901-4,2021年3月4日
262,飓风三国,移动,杭州润趣科技有限公司,杭州飓风游戏科技有限公司,国新出审[2021]461号,ISBN 978-7-498-08900-7,2021年3月4日
263,星轨之上,移动,宁波东海岸电子音像出版社有限公司,广州梦映动漫网络科技有限公司,国新出审[2021]460号,ISBN 978-7-498-08899-4,2021年3月4日
264,双生幻想,移动,上海方寸信息科技有限公司,上海异境信息科技有限公司,国新出审[2021]459号,ISBN 978-7-498-08898-7,2021年3月4日
265,心动之恋物语,移动,广州谷得网络科技有限公司,广州汉正信息技术有限公司,国新出审[2021]458号,ISBN 978-7-498-08897-0,2021年3月4日
266,符石守护者,移动,华东师范大学电子音像出版社有限公司,上海领音文化传播有限公司,国新出审[2021]457号,ISBN 978-7-498-08896-3,2021年3月4日
267,王牌播主,移动,四三九九网络股份有限公司,四三九九网络股份有限公司,国新出审[2021]456号,ISBN 978-7-498-08895-6,2021年3月4日
268,织言辨语,移动,江苏凤凰电子音像出版社有限公司,江苏凤凰数字传媒有限公司,国新出审[2021]455号,ISBN 978-7-498-08894-9,2021年3月4日
269,潮人篮球2,移动,互爱互动（北京）科技有限公司,互爱互动（北京）科技有限公司,国新出审[2021]454号,ISBN 978-7-498-08893-2,2021年3月4日
270,全民学霸,移动,成都龙渊网络科技有限公司,上海咕么信息科技有限公司,国新出审[2021]453号,ISBN 978-7-498-08892-5,2021年3月4日
271,影之刃零,移动,方圆电子音像出版社有限责任公司,北京灵游坊网络科技有限公司,国新出审[2021]452号,ISBN 978-7-498-08891-8,2021年3月4日
272,赛博幻想,移动,成都哆可梦网络科技有限公司,成都哆可梦网络科技有限公司,国新出审[2021]451号,ISBN 978-7-498-08890-1,2021年3月4日
273,大闹天宫之猴王归来,移动,咪咕互动娱乐有限公司,咪咕互动娱乐有限公司,国新出审[2021]450号,ISBN 978-7-498-08889-5,2021年3月4日
274,魔王与征服,移动,上海电子出版有限公司,上海娱公竞宇网络有限公司,国新出审[2021]449号,ISBN 978-7-498-08888-8,2021年3月4日
275,黎明精英,移动,深圳中青宝互动网络股份有限公司,无锡基德网络科技有限公司,国新出审[2021]448号,ISBN 978-7-498-08887-1,2021年3月4日
276,长安幻想,移动,华东师范大学电子音像出版社有限公司,广州诗悦网络科技有限公司,国新出审[2021]447号,ISBN 978-7-498-08885-7,2021年3月4日
277,山海浮梦录,移动,浙江出版集团数字传媒有限公司,浙江盛和网络科技有限公司,国新出审[2021]446号,ISBN 978-7-498-08883-3,2021年3月4日
278,龙套英雄,客户端,心动网络股份有限公司,心动网络股份有限公司,国新出审[2021]445号,ISBN 978-7-498-08881-9,2021年3月4日
279,天境传说,移动,深圳冰川网络股份有限公司,深圳千阳网络技术有限公司,国新出审[2021]444号,ISBN 978-7-498-08878-9,2021年3月4日
280,梦溪画坊,客户端,方圆电子音像出版社有限责任公司,成都赤橙数字娱乐有限公司,国新出审[2021]443号,ISBN 978-7-498-08876-5,2021年3月4日
281,蓝空幻想,移动,成都盈众九州网络科技有限公司,广州市溢熙信息科技有限公司,国新出审[2021]442号,ISBN 978-7-498-08867-3,2021年3月4日
282,超星崛起,移动,合肥乐堂动漫信息技术有限公司,苏州仙峰网络科技股份有限公司,国新出审[2021]441号,ISBN 978-7-498-08865-9,2021年3月4日
283,龙域世界,网页,杭州紫府网络科技有限公司,上海黑桃互动网络科技股份有限公司,国新出审[2021]440号,ISBN 978-7-498-08864-2,2021年3月4日
284,我要当掌门,移动,山东科学技术出版社有限公司,成都雨神电竞科技股份有限公司,国新出审[2021]439号,ISBN 978-7-498-08862-8,2021年3月4日
285,镇灵物语,移动,杭州紫府网络科技有限公司,宁波舒游网络科技有限公司,国新出审[2021]438号,ISBN 978-7-498-08861-1,2021年3月4日
286,足球决,移动,上海科学技术文献出版社有限公司,上海时年信息科技有限公司,国新出审[2021]437号,ISBN 978-7-498-08859-8,2021年3月4日
287,流沙之城,移动,杭州群游科技有限公司,杭州游尘信息技术有限公司,国新出审[2021]436号,ISBN 978-7-498-08857-4,2021年3月4日
288,召唤师纷争,移动,厦门雷霆互动网络有限公司,厦门市畅想家网络科技有限公司,国新出审[2021]435号,ISBN 978-7-498-08856-7,2021年3月4日
289,天上白玉京,移动,辽宁电子出版社有限责任公司,沈阳星空互娱网络科技有限公司,国新出审[2021]434号,ISBN 978-7-498-08854-3,2021年3月4日
290,火源战纪,移动,广东海燕电子音像出版社有限公司,广州大蓝网络科技有限公司,国新出审[2021]433号,ISBN 978-7-498-08852-9,2021年3月4日
291,寻龙英雄,移动,上海游族信息技术有限公司,上海游族信息技术有限公司,国新出审[2021]432号,ISBN 978-7-498-08850-5,2021年3月4日
292,天黑装备铺,移动,合肥乐堂动漫信息技术有限公司,长沙掌控信息科技有限公司,国新出审[2021]431号,ISBN 978-7-498-08848-2,2021年3月4日
293,爸爸，活下去,移动,华东师范大学电子音像出版社有限公司,上海浪险劲网络科技有限公司,国新出审[2021]430号,ISBN 978-7-498-08846-8,2021年3月4日
294,地下城与王国,移动,上海众源网络有限公司,上海众源网络有限公司,国新出审[2021]429号,ISBN 978-7-498-08843-7,2021年3月4日
295,以仙之名,移动,华中科技大学电子音像出版社,上海小牛互娱智能科技有限公司,国新出审[2021]428号,ISBN 978-7-498-08841-3,2021年3月4日
296,斗罗大陆：魂师对决,移动,成都盈众九州网络科技有限公司,上海玄霆娱乐信息科技有限公司,国新出审[2021]427号,ISBN 978-7-498-08839-0,2021年3月4日
297,我快递送得超快,移动,三辰影库音像出版社有限公司,游点好玩（北京）科技有限公司,国新出审[2021]426号,ISBN 978-7-498-08837-6,2021年3月4日
298,曙光重临,移动,广州四三九九信息科技有限公司,广州四三九九信息科技有限公司,国新出审[2021]425号,ISBN 978-7-498-08835-2,2021年3月4日
299,太初行,移动,北京冠游时空数码技术有限公司,北京蓝鲸时代科技有限公司,国新出审[2021]424号,ISBN 978-7-498-08833-8,2021年3月4日
300,凯姆大冒险,移动,华中科技大学电子音像出版社,北京速信达科技有限公司,国新出审[2021]423号,ISBN 978-7-498-08914-4,2021年3月4日
301,独奏骑士,移动,四川数字出版传媒有限公司,深圳云步互娱网络科技有限公司,国新出审[2021]422号,ISBN 978-7-498-08832-1,2021年3月4日
302,斗诡,移动,厦门游力信息科技有限公司,厦门游力信息科技有限公司,国新出审[2021]421号,ISBN 978-7-498-08831-4,2021年3月4日
303,灵历十八年,移动,方圆电子音像出版社有限责任公司,天津幻趣科技有限公司,国新出审[2021]420号,ISBN 978-7-498-08830-7,2021年3月4日
304,豪车大亨,移动-休闲益智,湖北省扬子江影音有限责任公司,海南团玩科技有限公司,国新出审[2021]419号,ISBN 978-7-498-08886-4,2021年3月4日
305,美食大乱斗,移动-休闲益智,杭州群游科技有限公司,北京运旺时盛科技有限公司,国新出审[2021]418号,ISBN 978-7-498-08884-0,2021年3月4日
306,最强找茬,移动-休闲益智,宁波东海岸电子音像出版社有限公司公司,深圳市来玩科技有限公司,国新出审[2021]417号,ISBN 978-7-498-08882-6,2021年3月4日
307,狂热酷跑,移动-休闲益智,杭州哲信信息技术有限公司,南京翰达睿信息技术有限公司,国新出审[2021]416号,ISBN 978-7-498-08880-2,2021年3月4日
308,怪兽大爆炸,移动-休闲益智,宁波东海岸电子音像出版社有限公司,厦门简创网络科技有限公司,国新出审[2021]415号,ISBN 978-7-498-08879-6,2021年3月4日
309,花花姑娘的花店,移动-休闲益智,湖北省扬子江影音有限责任公司,成都雷兽互动科技有限公司,国新出审[2021]414号,ISBN 978-7-498-08877-2,2021年3月4日
310,智力对垒,移动-休闲益智,杭州紫府网络科技有限公司,盐城昌兴科技有限公司,国新出审[2021]413号,ISBN 978-7-498-08875-8,2021年3月4日
311,城堡盟军,移动-休闲益智,杭州润趣科技有限公司,南京罗布网络科技有限公司,国新出审[2021]412号,ISBN 978-7-498-08874-1,2021年3月4日
312,坦克出征,移动-休闲益智,杭州哲信信息技术有限公司,深圳市金俊网络科技有限公司,国新出审[2021]411号,ISBN 978-7-498-08873-4,2021年3月4日
313,奇幻祖玛,移动-休闲益智,黑龙江科学技术出版社有限公司,南阳新创元软件有限公司,国新出审[2021]410号,ISBN 978-7-498-08872-7,2021年3月4日
314,定点篮球,移动-休闲益智,杭州烈焰网络技术有限公司,盐城万安台科技有限公司,国新出审[2021]409号,ISBN 978-7-498-08871-0,2021年3月4日
315,爱上象棋,移动-休闲益智,黑龙江龙华数字出版股份有限公司,北京创想乐地科技有限公司,国新出审[2021]408号,ISBN 978-7-498-08870-3,2021年3月4日
316,篮球高高手,移动-休闲益智,浙江出版集团数字传媒有限公司,北京掌上易游科技有限公司,国新出审[2021]407号,ISBN 978-7-498-08869-7,2021年3月4日
317,超级台球大师,移动-休闲益智,四川数字出版传媒有限公司,成都科锐牧数字娱乐有限公司,国新出审[2021]406号,ISBN 978-7-498-08868-0,2021年3月4日
318,公主宝宝汉堡店,移动-休闲益智,杭州乐港科技有限公司,北京古鲁营销顾问有限公司,国新出审[2021]405号,ISBN 978-7-498-08866-6,2021年3月4日
319,星星消除总动员,移动-休闲益智,广州盈正信息技术有限公司,广州小迈网络科技有限公司,国新出审[2021]404号,ISBN 978-7-498-08863-5,2021年3月4日
320,未央一梦,移动-休闲益智,上海晨路信息科技股份有限公司,上海赞步网络科技有限公司,国新出审[2021]403号,ISBN 978-7-498-08860-4,2021年3月4日
321,动物骑士团,移动-休闲益智,海南省电子音像出版社有限公司,海南创青有为网络科技有限公司,国新出审[2021]402号,ISBN 978-7-498-08858-1,2021年3月4日
322,餐厅养成记,移动-休闲益智,辽宁电子出版社有限责任公司,深圳市掌上方舟科技有限公司,国新出审[2021]401号,ISBN 978-7-498-08855-0,2021年3月4日
323,心动搭搭,移动-休闲益智,上海易娱网络科技有限公司,上海易娱网络科技有限公司,国新出审[2021]400号,ISBN 978-7-498-08853-6,2021年3月4日
324,青莲宝珠,移动-休闲益智,四川数字出版传媒有限公司,石家庄雷本湖信息科技有限公司,国新出审[2021]399号,ISBN 978-7-498-08851-2,2021年3月4日
325,冒险迷岛,移动-休闲益智,广东音像出版社有限公司,深圳传趣网络技术有限公司,国新出审[2021]398号,ISBN 978-7-498-08849-9,2021年3月4日
326,咸鱼之王,移动-休闲益智,湖南电子音像出版社有限责任公司,豪腾天佑（北京）科技有限公司,国新出审[2021]397号,ISBN 978-7-498-08847-5,2021年3月4日
327,就要玩台球,移动-休闲益智,杭州浮云网络科技有限公司,杭州浮云网络科技有限公司,国新出审[2021]396号,ISBN 978-7-498-08845-1,2021年3月4日
328,球球旅行记,移动-休闲益智,天津电子出版社有限公司,武汉市多比特信息科技有限公司,国新出审[2021]395号,ISBN 978-7-498-08844-4,2021年3月4日
329,水上滑翔车,移动-休闲益智,湖北省扬子江影音有限责任公司,北京多多游科技有限公司,国新出审[2021]394号,ISBN 978-7-498-08842-0,2021年3月4日
330,暗影赛车,移动-休闲益智,浙江出版集团数字传媒有限公司,南阳嘉翔软件有限公司,国新出审[2021]393号,ISBN 978-7-498-08840-6,2021年3月4日
331,忍影突袭,移动-休闲益智,黑龙江龙华数字出版股份有限公司,广州芭乐信息技术有限公司,国新出审[2021]392号,ISBN 978-7-498-08838-3,2021年3月4日
332,都市投资人,移动-休闲益智,上海晨路信息科技股份有限公司,上海似锦网络科技有限公司,国新出审[2021]391号,ISBN 978-7-498-08836-9,2021年3月4日
333,逃离银河系,移动-休闲益智,辽宁电子出版社有限责任公司,广州冰鸟网络科技有限公司,国新出审[2021]390号,ISBN 978-7-498-08834-5,2021年3月4日
334,绘画画图板,移动-休闲益智,天津电子出版社有限公司,武汉指娱互动信息技术有限公司,国新出审[2021]389号,ISBN 978-7-498-08829-1,2021年3月4日
335,少年宝莲灯,移动,上海同济大学电子音像出版社有限公司,上海烽昶网络科技有限公司,国新出审[2021]822号,ISBN 978-7-498-09079-9,2021年4月27日
336,本茶纲目,移动,杭州润趣科技有限公司,北京羲和山海科技有限公司,国新出审[2021]821号,ISBN 978-7-498-09078-2,2021年4月27日
337,魔卡之耀,移动,海南省电子音像出版社有限公司,海南乐之鲸鱼科技有限公司,国新出审[2021]820号,ISBN 978-7-498-09077-5,2021年4月27日
338,蚁族崛起,移动,广东海燕电子音像出版社有限公司,广州君趣网络科技有限公司,国新出审[2021]819号,ISBN 978-7-498-09076-8,2021年4月27日
339,龙与世界的尽头,移动,上海巨人网络科技有限公司,巨人移动科技有限公司,国新出审[2021]818号,ISBN 978-7-498-09075-1,2021年4月27日
340,安苏战歌,移动,黑龙江科学技术出版社有限公司,海南意游科技有限公司,国新出审[2021]817号,ISBN 978-7-498-09074-4,2021年4月27日
341,小浣熊百将传,移动,北京畅游时代数码技术有限公司,北京畅游时代数码技术有限公司,国新出审[2021]816号,ISBN 978-7-498-09073-7,2021年4月27日
342,无尽战刃,移动,黑龙江龙华数字出版股份有限公司,上海银月网络科技有限公司,国新出审[2021]815号,ISBN 978-7-498-09072-0,2021年4月27日
343,绿茵信仰,移动、客户端,广州网易计算机系统有限公司,杭州网易雷火科技有限公司,国新出审[2021]814号,ISBN 978-7-498-09071-3,2021年4月27日
344,荣耀新三国,移动,吉林音像出版社有限责任公司,北京纵深网络科技有限公司,国新出审[2021]813号,ISBN 978-7-498-09070-6,2021年4月27日
345,恋语集织梦书,移动,华东师范大学电子音像出版社有限公司,上海碧汉网络科技有限公司,国新出审[2021]812号,ISBN 978-7-498-09069-0,2021年4月27日
346,超能世界,移动,深圳冰川网络股份有限公司,深圳屠龙网络技术有限公司,国新出审[2021]811号,ISBN 978-7-498-09068-3,2021年4月27日
347,万灵山海之境,移动,上海同济大学电子音像出版社有限公司,上海游兰网络科技有限公司,国新出审[2021]810号,ISBN 978-7-498-09067-6,2021年4月27日
348,欢乐吃货,移动,广州盈正信息技术有限公司,浙江裙黑网络科技有限公司,国新出审[2021]809号,ISBN 978-7-498-09066-9,2021年4月27日
349,流浪方舟,移动,深圳中青宝互动网络股份有限公司,深圳市一七玩信息技术有限公司,国新出审[2021]808号,ISBN 978-7-498-09064-5,2021年4月27日
350,铁骑征战,移动,宁波东海岸电子音像出版社有限公司,杭州火之网络科技有限公司,国新出审[2021]807号,ISBN 978-7-498-09063-8,2021年4月27日
351,神话奇兵,移动,浙江出版集团数字传媒有限公司,绍兴方趣网络科技有限公司,国新出审[2021]806号,ISBN 978-7-498-09061-4,2021年4月27日
352,别惹神枪手,移动,北京百度多酷科技有限公司,北京百度多酷科技有限公司,国新出审[2021]805号,ISBN 978-7-498-09060-7,2021年4月27日
353,霸天纪,移动,方圆电子音像出版社有限责任公司,云南卓游网络科技有限公司,国新出审[2021]804号,ISBN 978-7-498-09059-1,2021年4月27日
354,顽偶派对,移动,成都盈众九州网络科技有限公司,深圳市迅龙创威网络技术有限公司,国新出审[2021]803号,ISBN 978-7-498-09057-7,2021年4月27日
355,王牌星舰,移动,杭州浮云网络科技有限公司,杭州浮云网络科技有限公司,国新出审[2021]802号,ISBN 978-7-498-09056-0,2021年4月27日
356,汪汪奇缘,移动,上海方寸信息科技有限公司,上海石榴网络科技有限公司,国新出审[2021]801号,ISBN 978-7-498-09054-6,2021年4月27日
357,原力英雄团,移动,杭州群游科技有限公司,广州鹊桥娱乐科技有限公司,国新出审[2021]800号,ISBN 978-7-498-09052-2,2021年4月27日
358,失落魔渊,移动,湖北省扬子江影音有限责任公司,厦门大画网络科技有限公司,国新出审[2021]799号,ISBN 978-7-498-09051-5,2021年4月27日
359,新庄园时代,移动,湖南联盛网络科技股份有限公司,长沙上游网络科技有限公司,国新出审[2021]798号,ISBN 978-7-498-09048-5,2021年4月27日
360,爱丽丝的梦想,移动,安徽新华电子音像出版社,厦门星罗网络科技有限公司,国新出审[2021]797号,ISBN 978-7-498-09047-8,2021年4月27日
361,狂暴之翼2,移动,天津电子出版社有限公司,北京青果灵动科技股份有限公司,国新出审[2021]796号,ISBN 978-7-498-09045-4,2021年4月27日
362,圣灵之境,移动,上海电子出版有限公司,海南德米网络科技有限公司,国新出审[2021]795号,ISBN 978-7-498-09043-0,2021年4月27日
363,玄兵骑战,网页,黑龙江龙华数字出版股份有限公司,上海黑桃互动网络科技股份有限公司,国新出审[2021]794号,ISBN 978-7-498-09041-6,2021年4月27日
364,孤岛奇兵,移动,四川数字出版传媒有限公司,武汉乐谷在线科技有限公司,国新出审[2021]793号,ISBN 978-7-498-09039-3,2021年4月27日
365,全能总裁,移动,上海绿岸网络科技股份有限公司,上海昱锦信息科技有限公司,国新出审[2021]792号,ISBN 978-7-498-09036-2,2021年4月27日
366,新遮天,移动,华东理工大学电子音像出版社,上海拟酷网络科技有限公司,国新出审[2021]791号,ISBN 978-7-498-09035-5,2021年4月27日
367,最后的木头,客户端,深圳中青宝互动网络股份有限公司,上海心愉计算机科技有限公司,国新出审[2021]790号,ISBN 978-7-498-09033-1,2021年4月27日
368,花札物语,移动,成都龙渊网络科技有限公司,成都龙渊网络科技有限公司,国新出审[2021]789号,ISBN 978-7-498-09032-4,2021年4月27日
369,六界召唤师,移动,杭州紫府网络科技有限公司,深圳市鲸旗天下网络科技有限公司,国新出审[2021]788号,ISBN 978-7-498-09030-0,2021年4月27日
370,群星守卫,移动,方圆电子音像出版社有限责任公司,北京灵游坊网络科技有限公司,国新出审[2021]787号,ISBN 978-7-498-09029-4,2021年4月27日
371,超多武器大冒险,移动,深圳中青宝互动网络股份有限公司,厦门地心互娱网络科技有限公司,国新出审[2021]786号,ISBN 978-7-498-09028-7,2021年4月27日
372,莉比小公主梦幻甜品店,移动,上海电子出版有限公司,成都力比科技有限公司,国新出审[2021]785号,ISBN 978-7-498-09026-3,2021年4月27日
373,异界冒险,移动,杭州美盛游戏技术开发有限公司,海南西瓜互娱网络科技有限公司,国新出审[2021]784号,ISBN 978-7-498-09024-9,2021年4月27日
374,梦唐绘卷,移动,成都超级梦网络技术股份有限公司,成都星邦互娱网络科技有限公司,国新出审[2021]783号,ISBN 978-7-498-09023-2,2021年4月27日
375,文明与征服,移动,广州四三九九信息科技有限公司,广州四三九九信息科技有限公司,国新出审[2021]782号,ISBN 978-7-498-09020-1,2021年4月27日
376,剑网1：归来,移动,成都西山居世游科技有限公司,武汉西山居世游科技有限公司,国新出审[2021]781号,ISBN 978-7-498-09018-8,2021年4月27日
377,少侠江湖志,移动,上海游族信息技术有限公司,上海游族信息技术有限公司,国新出审[2021]780号,ISBN 978-7-498-09017-1,2021年4月27日
378,华夏英杰录,移动,天津电子出版社有限公司,北京心海翰游科技有限公司,国新出审[2021]779号,ISBN 978-7-498-09015-7,2021年4月27日
379,重返帝国,移动,海南省电子音像出版社有限公司,海南腾讯互动娱乐有限公司,国新出审[2021]778号,ISBN 978-7-498-09014-0,2021年4月27日
380,守望勇士,移动,上海同济大学电子音像出版社有限公司,上海墨白计算机科技有限公司,国新出审[2021]777号,ISBN 978-7-498-09012-6,2021年4月27日
381,怪兽之星,移动,华东师范大学电子音像出版社有限公司,上海领音文化传播有限公司,国新出审[2021]776号,ISBN 978-7-498-09011-9,2021年4月27日
382,九梦仙域,移动,黑龙江龙华数字出版股份有限公司,上海欢缘网络科技有限公司,国新出审[2021]775号,ISBN 978-7-498-09009-6,2021年4月27日
383,幻塔,移动,完美世界（北京）网络技术有限公司,完美世界（北京）软件科技发展有限公司,国新出审[2021]774号,ISBN 978-7-498-09007-2,2021年4月27日
384,加德尔契约,移动,重庆华龙网集团股份有限公司,重庆环游者网络科技有限公司,国新出审[2021]773号,ISBN 978-7-498-09005-8,2021年4月27日
385,我的门派,移动,华东师范大学电子音像出版社有限公司,上海游斐网络科技有限公司,国新出审[2021]772号,ISBN 978-7-498-09003-4,2021年4月27日
386,攻守之奕,移动,上海触控科技发展有限公司,上海咕么信息科技有限公司,国新出审[2021]771号,ISBN 978-7-498-09002-7,2021年4月27日
387,蜡烛人,游戏机（switch）,厦门雷霆互动网络有限公司,北京交典创艺数字科技有限公司,国新出审[2021]770号,ISBN 978-7-498-09000-3,2021年4月27日
388,像素迷城,移动,湖北省扬子江影音有限责任公司,深圳顺源网络科技有限公司,国新出审[2021]769号,ISBN 978-7-498-08997-7,2021年4月27日
389,小心兽人,移动,辽宁电子出版社有限责任公司,恒利汇(海南)电子竞技有限公司,国新出审[2021]768号,ISBN 978-7-498-09080-5,2021年4月27日
390,天神界,移动,河北冠林数字出版有限公司,上海技宇网络科技有限公司,国新出审[2021]767号,ISBN 978-7-498-08995-3,2021年4月27日
391,萍城异闻录,移动,江西高校出版社有限责任公司,武汉市天敏智塔网络科技有限公司,国新出审[2021]766号,ISBN 978-7-498-09065-2,2021年4月27日
392,璀璨星途,移动,北京冠游时空数码技术有限公司,北京卓意麦斯科技有限公司,国新出审[2021]765号,ISBN 978-7-498-09062-1,2021年4月27日
393,球球闪躲,移动-休闲益智,天津电子出版社有限公司,武汉指娱互动信息技术有限公司,国新出审[2021]764号,ISBN 978-7-498-09058-4,2021年4月27日
394,奇异射手,移动-休闲益智,安徽新华电子音像出版社,南京罗布网络科技有限公司,国新出审[2021]763号,ISBN 978-7-498-09055-3,2021年4月27日
395,穿越迷离之境,移动-休闲益智,广东太平洋电子出版社,广州千果互动传媒有限公司,国新出审[2021]762号,ISBN 978-7-498-09053-9,2021年4月27日
396,精灵向前冲,移动-休闲益智,广州盈正信息技术有限公司,海南冲浪游网络科技有限公司,国新出审[2021]761号,ISBN 978-7-498-09050-8,2021年4月27日
397,大家来塔防,移动-休闲益智,海南省电子音像出版社有限公司,海南火舞新游信息技术有限公司,国新出审[2021]760号,ISBN 978-7-498-09049-2,2021年4月27日
398,跳棋高手,移动-休闲益智,杭州边锋网络技术有限公司,杭州边浙网络技术有限公司,国新出审[2021]759号,ISBN 978-7-498-09046-1,2021年4月27日
399,街头炫跑,移动-休闲益智,杭州渡口网络科技有限公司,合肥乐攸信息科技有限公司,国新出审[2021]758号,ISBN 978-7-498-09044-7,2021年4月27日
400,动物历险记,移动-休闲益智,杭州乐港科技有限公司,上海圣剑网络科技股份有限公司,国新出审[2021]757号,ISBN 978-7-498-09042-3,2021年4月27日
401,布丁探宝记,移动-休闲益智,杭州烈焰网络技术有限公司,南阳新创元软件有限公司,国新出审[2021]756号,ISBN 978-7-498-09040-9,2021年4月27日
402,水果藏宝队,移动-休闲益智,杭州群游科技有限公司,北京艺诚掌控科技有限公司,国新出审[2021]755号,ISBN 978-7-498-09038-6,2021年4月27日
403,天天打萌兽,移动-休闲益智,杭州润趣科技有限公司,辽宁隆游时代科技有限公司,国新出审[2021]754号,ISBN 978-7-498-09037-9,2021年4月27日
404,雪地大冒险,移动-休闲益智,杭州哲信信息技术有限公司,南京翰达睿信息技术有限公司,国新出审[2021]753号,ISBN 978-7-498-09034-8,2021年4月27日
405,彩色涂板,移动-休闲益智,杭州紫府网络科技有限公司,盐城如晶科技有限公司,国新出审[2021]752号,ISBN 978-7-498-09031-7,2021年4月27日
406,宝石消除传奇,移动-休闲益智,黑龙江科学技术出版社有限公司,北京悠游堂科技有限公司,国新出审[2021]751号,ISBN 978-7-498-09027-0,2021年4月27日
407,钢铁火力,移动-休闲益智,湖北省扬子江影音有限责任公司,武汉玩伴网络科技有限公司,国新出审[2021]750号,ISBN 978-7-498-09025-6,2021年4月27日
408,烽火迷城,移动-休闲益智,华中科技大学电子音像出版社,武汉择天文化传媒有限公司,国新出审[2021]749号,ISBN 978-7-498-09022-5,2021年4月27日
409,超级串数,移动-休闲益智,吉林音像出版社有限责任公司,北京星游讯天网络科技有限公司,国新出审[2021]748号,ISBN 978-7-498-09021-8,2021年4月27日
410,光明城市,移动-休闲益智,江西高校出版社有限责任公司,很简单（北京）科技文化有限公司,国新出审[2021]747号,ISBN 978-7-498-09019-5,2021年4月27日
411,空舞雄鹰,移动-休闲益智,辽宁电子出版社有限责任公司,南京游鸣信息科技有限公司,国新出审[2021]746号,ISBN 978-7-498-09016-4,2021年4月27日
412,航天器模拟,移动-休闲益智,咪咕互动娱乐有限公司,南京原极信息科技有限公司,国新出审[2021]745号,ISBN 978-7-498-09013-3,2021年4月27日
413,魔法消方块,移动-休闲益智,宁波东海岸电子音像出版社有限公司,深圳市禅游科技股份有限公司,国新出审[2021]744号,ISBN 978-7-498-09010-2,2021年4月27日
414,花田小院,移动-休闲益智,上海电子出版有限公司,上海赢味网络科技有限公司,国新出审[2021]743号,ISBN 978-7-498-09008-9,2021年4月27日
415,天空战机,移动-休闲益智,上海方寸信息科技有限公司,上海时纳网络科技有限公司,国新出审[2021]742号,ISBN 978-7-498-09006-5,2021年4月27日
416,超级连一连,移动-休闲益智,上海科学技术文献出版社有限公司,上海仙豆网络信息科技有限责任公司,国新出审[2021]741号,ISBN 978-7-498-09004-1,2021年4月27日
417,欢乐精灵,移动-休闲益智,上海双盟网络科技有限公司,广州指上科技有限公司,国新出审[2021]740号,ISBN 978-7-498-09001-0,2021年4月27日
418,勇者爱闯关,移动-休闲益智,浙江出版集团数字传媒有限公司,北京光耀大地科技有限公司,国新出审[2021]739号,ISBN 978-7-498-08999-1,2021年4月27日
419,成语超级达人,移动-休闲益智,上海科学技术文献出版社有限公司,上海邮塔网络科技有限公司,国新出审[2021]738号,ISBN 978-7-498-08998-4,2021年4月27日
420,空战夺宝,移动-休闲益智,浙江省期刊总社有限公司,杭州唐游网络科技有限公司,国新出审[2021]737号,ISBN 978-7-498-08996-0,2021年4月27日
421,剑雨如歌,移动,方圆电子音像出版社有限责任公司,上海昊神晋网络科技有限公司,国新出审[2021]968号,ISBN 978-7-498-09082-9,2021年5月24日
422,新月派对,移动,北京联合出版有限责任公司,北京指上缤纷科技股份有限公司,国新出审[2021]967号,ISBN 978-7-498-09084-3,2021年5月24日
423,元神封印,移动,四三九九网络股份有限公司,四三九九网络股份有限公司,国新出审[2021]966号,ISBN 978-7-498-09087-4,2021年5月24日
424,这就是江湖,移动,华东师范大学电子音像出版社有限公司,上海尘泥信息技术有限公司,国新出审[2021]965号,ISBN 978-7-498-09089-8,2021年5月24日
425,无尽洪荒,移动,咪咕互动娱乐有限公司,咪咕互动娱乐有限公司,国新出审[2021]964号,ISBN 978-7-498-09091-1,2021年5月24日
426,傲世真诀,移动,成都盈众九州网络科技有限公司,平潭众蓝网络科技有限公司,国新出审[2021]963号,ISBN 978-7-498-09093-5,2021年5月24日
427,破天世界,移动,游艺春秋网络科技（北京）有限公司,游艺春秋网络科技（北京）有限公司,国新出审[2021]962号,ISBN 978-7-498-09095-9,2021年5月24日
428,冒险小分队,移动,上海科学技术文献出版社有限公司,上海游动网络科技有限公司,国新出审[2021]961号,ISBN 978-7-498-09097-3,2021年5月24日
429,王朝起源,移动,华中科技大学电子音像出版社,成都拇指时代科技有限责任公司,国新出审[2021]960号,ISBN 978-7-498-09099-7,2021年5月24日
430,龙魔战纪,移动,上海同济大学电子音像出版社有限公司,上海聚市网络科技有限公司,国新出审[2021]959号,ISBN 978-7-498-09101-7,2021年5月24日
431,异度猎魔人,移动,上海商国网络科技发展有限公司,上海商国网络科技发展有限公司,国新出审[2021]958号,ISBN 978-7-498-09103-1,2021年5月24日
432,战鼓之翼,移动,北京目标在线科技有限公司,北京喜游戏科技有限公司,国新出审[2021]957号,ISBN 978-7-498-09105-5,2021年5月24日
433,千岛的奇幻战争,移动,华东师范大学电子音像出版社有限公司,上海逗屋网络科技有限公司,国新出审[2021]956号,ISBN 978-7-498-09107-9,2021年5月24日
434,山海与妖灵,移动,海南省电子音像出版社有限公司,海南二牛信息科技有限公司,国新出审[2021]955号,ISBN 978-7-498-09109-3,2021年5月24日
435,枪火重生,移动,广州多益网络股份有限公司,广东利为网络科技有限公司,国新出审[2021]954号,ISBN 978-7-498-09111-6,2021年5月24日
436,超凡之路,移动,黑龙江龙华数字出版股份有限公司,深圳市大梦龙途文化传播有限公司,国新出审[2021]953号,ISBN 978-7-498-09112-3,2021年5月24日
437,帝国军团罗马,移动,辽宁电子出版社有限责任公司,苏州乐志软件科技有限公司,国新出审[2021]952号,ISBN 978-7-498-09113-0,2021年5月24日
438,长生,移动,广东海燕电子音像出版社有限公司,广州冰鸟网络科技有限公司,国新出审[2021]951号,ISBN 978-7-498-09114-7,2021年5月24日
439,决胜之心,移动,杭州群游科技有限公司,厦门市蝶之谷动漫科技有限公司,国新出审[2021]950号,ISBN 978-7-498-09116-1,2021年5月24日
440,超神小队,移动,杭州乐港科技有限公司,海南思华年网络科技有限公司,国新出审[2021]949号,ISBN 978-7-498-09118-5,2021年5月24日
441,泰坦之剑,移动,杭州电魂网络科技股份有限公司,杭州电魂网络科技股份有限公司,国新出审[2021]948号,ISBN 978-7-498-09119-2,2021年5月24日
442,零界战区,移动,华中科技大学电子音像出版社,深圳市奈斯互娱科技有限公司,国新出审[2021]947号,ISBN 978-7-498-09121-5,2021年5月24日
443,命运边际,移动,杭州美盛游戏技术开发有限公司,广州百游信息科技有限公司,国新出审[2021]946号,ISBN 978-7-498-09123-9,2021年5月24日
444,我在神界刷装备,移动,广州盈正信息技术有限公司,苏州风之力网络科技有限公司,国新出审[2021]945号,ISBN 978-7-498-09125-3,2021年5月24日
445,天穹骄子,移动,河北冠林数字出版有限公司,杭州影力网络科技有限公司,国新出审[2021]944号,ISBN 978-7-498-09127-7,2021年5月24日
446,最后的战役,移动,华东师范大学电子音像出版社有限公司,上海麦卓网络科技有限公司,国新出审[2021]943号,ISBN 978-7-498-09128-4,2021年5月24日
447,极简地下城,移动,海南省电子音像出版社有限公司,海南格子游戏科技有限公司,国新出审[2021]942号,ISBN 978-7-498-09131-4,2021年5月24日
448,神域奇兵：远征,移动,成都超级梦网络技术股份有限公司,成都卓杭网络科技股份有限公司,国新出审[2021]941号,ISBN 978-7-498-09133-8,2021年5月24日
449,幸运草骑士,移动,广东趣炫网络股份有限公司,广东趣炫网络股份有限公司,国新出审[2021]940号,ISBN 978-7-498-09134-5,2021年5月24日
450,剑与黎明,移动,杭州美盛游戏技术开发有限公司,北京米花互动科技有限公司,国新出审[2021]939号,ISBN 978-7-498-09135-2,2021年5月24日
451,商业都市,移动,宁波东海岸电子音像出版社有限公司,金华万合晶科技有限公司,国新出审[2021]938号,ISBN 978-7-498-09136-9,2021年5月24日
452,凌云诺,移动,苏州好玩友网络科技有限公司,苏州好玩友网络科技有限公司,国新出审[2021]937号,ISBN 978-7-498-09137-6,2021年5月24日
453,曙光计划,移动,安徽新华电子音像出版社,深圳市梦集网络科技有限公司,国新出审[2021]936号,ISBN 978-7-498-09138-3,2021年5月24日
454,时光公主,移动,福州天盟数码有限公司,福州天盟数码有限公司,国新出审[2021]935号,ISBN 978-7-498-09139-0,2021年5月24日
455,宅人传说,客户端,深圳中青宝互动网络股份有限公司,皖新文化科技有限公司,国新出审[2021]934号,ISBN 978-7-498-09144-4,2021年5月24日
456,幻境公主,移动,天津电子出版社有限公司,成都沙漏科技有限公司,国新出审[2021]933号,ISBN 978-7-498-09146-8,2021年5月24日
457,指尖领主,移动,上海电子出版有限公司,上海巨枫娱乐有限公司,国新出审[2021]932号,ISBN 978-7-498-09149-9,2021年5月24日
458,我的装甲师,移动,宁波东海岸电子音像出版社有限公司,杭州绝地科技股份有限公司,国新出审[2021]931号,ISBN 978-7-498-09152-9,2021年5月24日
459,烽火连烟,移动、客户端,杭州边锋网络技术有限公司,杭州边锋网络技术有限公司,国新出审[2021]930号,ISBN 978-7-498-09155-0,2021年5月24日
460,上古有灵妖,移动,北京侠客行网络技术有限公司,北京侠客行网络技术有限公司,国新出审[2021]929号,ISBN 978-7-498-09161-1,2021年5月24日
461,城市飞车：赛道王者,移动,华东理工大学电子音像出版社,上海仙豆网络信息科技有限责任公司,国新出审[2021]928号,ISBN 978-7-498-09162-8,2021年5月24日
462,远征之门,移动,华中科技大学电子音像出版社,杭州吾爱游网络科技有限公司,国新出审[2021]927号,ISBN 978-7-498-09163-5,2021年5月24日
463,失落四境,移动,浙江出版集团数字传媒有限公司,之幻网络科技（杭州）有限公司,国新出审[2021]926号,ISBN 978-7-498-09164-2,2021年5月24日
464,无限贝拉,移动,上海同济大学电子音像出版社有限公司,上海游兰网络科技有限公司,国新出审[2021]925号,ISBN 978-7-498-09165-9,2021年5月24日
465,卡车之星,移动,辽宁电子出版社有限责任公司,北京米达科技有限公司,国新出审[2021]924号,ISBN 978-7-498-09166-6,2021年5月24日
466,刹那光年,移动,江苏凤凰电子音像出版社有限公司,深圳市冰柠乐科技有限公司,国新出审[2021]923号,ISBN 978-7-498-09132-1,2021年5月24日
467,连连消大作战,移动、客户端,深圳中青宝互动网络股份有限公司,深圳市予滞络科技有限公司,国新出审[2021]922号,ISBN 978-7-498-09140-6,2021年5月24日
468,高能英雄,移动,深圳市腾讯计算机系统有限公司,深圳市腾讯计算机系统有限公司,国新出审[2021]921号,ISBN 978-7-498-09141-3,2021年5月24日
469,元气枪神,移动,竞技世界（北京）网络技术有限公司,竞技世界（北京）网络技术有限公司,国新出审[2021]920号,ISBN 978-7-498-09142-0,2021年5月24日
470,奇迹一刻,移动,北京目标在线科技有限公司,北京中电博亚科技有限公司,国新出审[2021]919号,ISBN 978-7-498-09143-7,2021年5月24日
471,法洛伊：幻境,移动,厦门雷霆互动网络有限公司,厦门英普洛信息有限公司,国新出审[2021]918号,ISBN 978-7-498-09145-1,2021年5月24日
472,方舟乐园,移动,浙江出版集团数字传媒有限公司,厦门道奇茂网络技术有限公司,国新出审[2021]917号,ISBN 978-7-498-09147-5,2021年5月24日
473,霓虹深渊：无限,移动,杭州烈焰网络技术有限公司,深圳市乙亥互娱信息科技有限公司,国新出审[2021]916号,ISBN 978-7-498-09148-2,2021年5月24日
474,万界英雄,移动,杭州渡口网络科技有限公司,福州智趣数码科技有限公司,国新出审[2021]915号,ISBN 978-7-498-09150-5,2021年5月24日
475,异界深渊：觉醒,移动,上海同济大学电子音像出版社有限公司,上海趣侬网络科技有限公司,国新出审[2021]914号,ISBN 978-7-498-09151-2,2021年5月24日
476,钢铁战鹰,移动,方圆电子音像出版社有限责任公司,海南爱乐游文化发展有限公司,国新出审[2021]913号,ISBN 978-7-498-09153-6,2021年5月24日
477,龙火纪元,移动,江苏凤凰电子音像出版社有限公司,深圳市乐易网络股份有限公司,国新出审[2021]912号,ISBN 978-7-498-09154-3,2021年5月24日
478,曙光防线,移动,三辰影库音像出版社有限公司,北京能量盒科技有限公司,国新出审[2021]911号,ISBN 978-7-498-09156-7,2021年5月24日
479,锦绣攻略,移动,上海声像电子出版社,上海掌梦网络科技有限公司,国新出审[2021]910号,ISBN 978-7-498-09157-4,2021年5月24日
480,洪荒文明,移动,广州网易计算机系统有限公司,杭州网易雷火科技有限公司,国新出审[2021]909号,ISBN 978-7-498-09158-1,2021年5月24日
481,笼中窥梦,移动、客户端,江苏凤凰电子音像出版社有限公司,心动网络股份有限公司,国新出审[2021]908号,ISBN 978-7-498-09159-8,2021年5月24日
482,逍遥情缘,移动,黑龙江科学技术出版社有限公司,深圳市天穹网络科技有限公司,国新出审[2021]907号,ISBN 978-7-498-09160-4,2021年5月24日
483,层层射击,移动-休闲益智,天津电子出版社有限公司,武汉指娱互动信息技术有限公司,国新出审[2021]906号,ISBN 978-7-498-09081-2,2021年5月24日
484,象棋天天玩,移动-休闲益智,杭州边锋网络技术有限公司,杭州边浙网络技术有限公司,国新出审[2021]905号,ISBN 978-7-498-09083-6,2021年5月24日
485,星星爆爆乐,移动-休闲益智,杭州群游科技有限公司,南京宝葫芦信息科技有限公司,国新出审[2021]904号,ISBN 978-7-498-09085-0,2021年5月24日
486,小鹿杏仁儿的甜蜜派对,移动-休闲益智,湖北省扬子江影音有限责任公司,成都力比科技有限公司,国新出审[2021]903号,ISBN 978-7-498-09086-7,2021年5月24日
487,脑力大碰撞,移动-休闲益智,黑龙江龙华数字出版股份有限公司,深圳传趣网络技术有限公司,国新出审[2021]902号,ISBN 978-7-498-09088-1,2021年5月24日
488,向前冲,移动-休闲益智,杭州润趣科技有限公司,南阳新创元软件有限公司,国新出审[2021]901号,ISBN 978-7-498-09090-4,2021年5月24日
489,出击吧师兄,移动-休闲益智,宁波东海岸电子音像出版社有限公司,深圳市大雁互娱科技有限公司,国新出审[2021]900号,ISBN 978-7-498-09092-8,2021年5月24日
490,竞技大作战,移动-休闲益智,杭州紫府网络科技有限公司,北京赛诺斯科技发展有限责任公司,国新出审[2021]899号,ISBN 978-7-498-09094-2,2021年5月24日
491,面具古墓,移动-休闲益智,杭州哲信信息技术有限公司,杭州流冠科技有限公司,国新出审[2021]898号,ISBN 978-7-498-09096-6,2021年5月24日
492,点线交叉,移动-休闲益智,天津电子出版社有限公司,武汉市多比特信息科技有限公司,国新出审[2021]897号,ISBN 978-7-498-09098-0,2021年5月24日
493,家园合成,移动-休闲益智,杭州群游科技有限公司,北京盈易科技有限公司,国新出审[2021]896号,ISBN 978-7-498-09100-0,2021年5月24日
494,王者坦克,移动-休闲益智,杭州紫府网络科技有限公司,盐城万安台科技有限公司,国新出审[2021]895号,ISBN 978-7-498-09102-4,2021年5月24日
495,六角拼消除,移动-休闲益智,宁波东海岸电子音像出版社有限公司,深圳市禅游科技股份有限公司,国新出审[2021]894号,ISBN 978-7-498-09104-8,2021年5月24日
496,梦幻狂奔,移动-休闲益智,杭州烈焰网络技术有限公司,南阳嘉翔软件有限公司,国新出审[2021]893号,ISBN 978-7-498-09106-2,2021年5月24日
497,喵大人物语,移动-休闲益智,黑龙江龙华数字出版股份有限公司,厦门口袋工场信息科技有限公司,国新出审[2021]892号,ISBN 978-7-498-09108-6,2021年5月24日
498,哈狗旗开得胜象棋,移动-休闲益智,杭州润趣科技有限公司,杭州哈狗网络科技有限公司,国新出审[2021]891号,ISBN 978-7-498-09110-9,2021年5月24日
499,太空遨游战机,移动-休闲益智,浙江出版集团数字传媒有限公司,北京多多游科技有限公司,国新出审[2021]890号,ISBN 978-7-498-09115-4,2021年5月24日
500,英雄冲啊,移动-休闲益智,深圳中青宝互动网络股份有限公司,掌游天下（北京）信息技术股份有限公司,国新出审[2021]889号,ISBN 978-7-498-09117-8,2021年5月24日
501,火柴人奇袭,移动-休闲益智,辽宁电子出版社有限责任公司,南京天豆互动网络科技有限公司,国新出审[2021]888号,ISBN 978-7-498-09120-8,2021年5月24日
502,冲锋吧我的四驱,移动-休闲益智,杭州哲信信息技术有限公司,广州火龙互娱网络科技有限公司,国新出审[2021]887号,ISBN 978-7-498-09122-2,2021年5月24日
503,叶罗丽娃娃店,移动-休闲益智,湖北省扬子江影音有限责任公司,成都雷兽互动科技有限公司,国新出审[2021]886号,ISBN 978-7-498-09124-6,2021年5月24日
504,大锤出奇迹,移动-休闲益智,黑龙江科学技术出版社有限公司,广州沙巴克网络科技有限公司,国新出审[2021]885号,ISBN 978-7-498-09126-0,2021年5月24日
505,防空指挥官,移动-休闲益智,杭州烈焰网络技术有限公司,江苏砺兰兴瑞网络科技有限公司,国新出审[2021]884号,ISBN 978-7-498-09129-1,2021年5月24日
506,遇见喵克斯,移动-休闲益智,海南省电子音像出版社有限公司,海南金文昊成网络科技有限公司,国新出审[2021]883号,ISBN 978-7-498-09130-7,2021年5月24日
507,超凡勇士,移动,天津电子出版社有限公司,北京快来科技有限公司,国新出审[2021]1115号,ISBN 978-7-498-09251-9,2021年6月11日
508,不朽觉醒,移动,华东师范大学电子音像出版社有限公司,上海平弦云科技有限公司,国新出审[2021]1114号,ISBN 978-7-498-09248-9,2021年6月11日
509,无尽枪王,移动,江苏凤凰电子音像出版社有限公司,江苏惠怡达信息科技有限公司,国新出审[2021]1113号,ISBN 978-7-498-09246-5,2021年6月11日
510,消失的防线,移动,杭州紫府网络科技有限公司,成都锦宏图网络科技有限公司,国新出审[2021]1112号,ISBN 978-7-498-09245-8,2021年6月11日
511,魔镜物语,移动,上海乐蜀网络科技股份有限公司,上海猗国网络科技有限公司,国新出审[2021]1111号,ISBN 978-7-498-09243-4,2021年6月11日
512,螺旋勇士,移动,杭州电魂网络科技股份有限公司,杭州电魂网络科技股份有限公司,国新出审[2021]1110号,ISBN 978-7-498-09240-3,2021年6月11日
513,喵星联盟,移动,杭州紫府网络科技有限公司,杭州碎片网络科技有限公司,国新出审[2021]1109号,ISBN 978-7-498-09238-0,2021年6月11日
514,矿业大亨,移动-休闲益智,杭州边锋网络技术有限公司,杭州边锋网络技术有限公司,国新出审[2021]1108号,ISBN 978-7-498-09252-6,2021年6月11日
515,明日守望者,移动,成都盈众九州网络科技有限公司,广州市溢熙信息科技有限公司,国新出审[2021]1107号,ISBN 978-7-498-09250-2,2021年6月11日
516,幻想神话志,移动,北京闪联互动网络科技有限责任公司,北京战甲宏宇信息技术有限公司,国新出审[2021]1106号,ISBN 978-7-498-09249-6,2021年6月11日
517,玛娜希斯回响,移动,深圳中青宝互动网络股份有限公司,北京可梦科技有限公司,国新出审[2021]1105号,ISBN 978-7-498-09247-2,2021年6月11日
518,葫芦娃各显神通,移动,华东师范大学电子音像出版社有限公司,上海冰块网络科技有限公司,国新出审[2021]1104号,ISBN 978-7-498-09244-1,2021年6月11日
519,从前有个天灵根,移动,华中科技大学电子音像出版社,海南圣本网络科技有限公司,国新出审[2021]1103号,ISBN 978-7-498-09242-7,2021年6月11日
520,最高舞台,客户端,四川数字出版传媒有限公司,心动网络股份有限公司,国新出审[2021]1102号,ISBN 978-7-498-09241-0,2021年6月11日
521,坦克要塞,移动,宁波东海岸电子音像出版社有限公司,武汉镜像科技有限公司,国新出审[2021]1101号,ISBN 978-7-498-09239-7,2021年6月11日
522,新大话水浒,移动,北京麟游互动科技有限公司,北京麟游互动科技有限公司,国新出审[2021]1100号,ISBN 978-7-498-09237-3,2021年6月11日
523,亲朋欢乐激斗,移动,深圳中青宝互动网络股份有限公司,深圳维京人网络科技有限公司,国新出审[2021]1099号,ISBN 978-7-498-09236-6,2021年6月11日
524,全战王者,移动,上海商国网络科技发展有限公司,上海商国网络科技发展有限公司,国新出审[2021]1098号,ISBN 978-7-498-09235-9,2021年6月11日
525,探魇2,移动,上海科学技术文献出版社有限公司,上海领音文化传播有限公司,国新出审[2021]1097号,ISBN 978-7-498-09234-2,2021年6月11日
526,明日大亨,移动,成都盈众九州网络科技有限公司,广州仟墨网络科技有限公司,国新出审[2021]1096号,ISBN 978-7-498-09233-5,2021年6月11日
527,异度王冠,移动,杭州渡口网络科技有限公司,海南茶猫猫科技有限公司,国新出审[2021]1095号,ISBN 978-7-498-09232-8,2021年6月11日
528,莽荒原始人,移动,上海方寸信息科技有限公司,上海石榴网络科技有限公司,国新出审[2021]1094号,ISBN 978-7-498-09231-1,2021年6月11日
529,暗魔领主,移动,上海电子出版有限公司,上海傲人信息技术有限公司,国新出审[2021]1093号,ISBN 978-7-498-09230-4,2021年6月11日
530,女武神之剑,移动,上海晨路信息科技股份有限公司,上海晨路信息科技股份有限公司,国新出审[2021]1092号,ISBN 978-7-498-09229-8,2021年6月11日
531,冒险新大陆,移动,杭州群游科技有限公司,武汉世纪德安网络科技有限公司,国新出审[2021]1091号,ISBN 978-7-498-09228-1,2021年6月11日
532,骑士纷争,移动,华中科技大学电子音像出版社,武汉团团互娱科技有限公司,国新出审[2021]1090号,ISBN 978-7-498-09227-4,2021年6月11日
533,少女前线：云图计划,移动,上海电子出版有限公司,上海暗冬网络科技有限公司,国新出审[2021]1089号,ISBN 978-7-498-09226-7,2021年6月11日
534,魔神之战,移动、客户端,海南省电子音像出版社有限公司,谷游科技（海南）有限公司,国新出审[2021]1088号,ISBN 978-7-498-09225-0,2021年6月11日
535,泰拉贝尔,移动,黑龙江龙华数字出版股份有限公司,北京龙创悦动网络科技有限公司,国新出审[2021]1087号,ISBN 978-7-498-09224-3,2021年6月11日
536,寻光之旅,移动,上海科学技术文献出版社有限公司,上海朱庇特创意设计有限公司,国新出审[2021]1086号,ISBN 978-7-498-09222-9,2021年6月11日
537,决战幻境,移动,河北冠林数字出版有限公司,重庆臻美达电子有限公司,国新出审[2021]1085号,ISBN 978-7-498-09221-2,2021年6月11日
538,苍穹护卫队,移动-休闲益智,杭州哲信信息技术有限公司,乐元素科技（北京）股份有限公司,国新出审[2021]1084号,ISBN 978-7-498-09219-9,2021年6月11日
539,命运骑士团,移动,成都盈众九州网络科技有限公司,深圳市鲸旗天下网络科技有限公司,国新出审[2021]1083号,ISBN 978-7-498-09213-7,2021年6月11日
540,智能觉醒,移动,成都哆可梦网络科技有限公司,成都哆可梦网络科技有限公司,国新出审[2021]1082号,ISBN 978-7-498-09212-0,2021年6月11日
541,撞击王者,移动,北京联合出版有限责任公司,北京默契破冰科技有限公司,国新出审[2021]1081号,ISBN 978-7-498-09210-6,2021年6月11日
542,明珠轩辕,移动,海南省电子音像出版社有限公司,海南美游科技有限公司,国新出审[2021]1080号,ISBN 978-7-498-09209-0,2021年6月11日
543,幻境启源,移动,华中科技大学电子音像出版社,广州小云互娱科技有限公司,国新出审[2021]1079号,ISBN 978-7-498-09208-3,2021年6月11日
544,熊猫宝宝的梦幻乐园,移动-休闲益智,湖北省扬子江影音有限责任公司,成都力比科技有限公司,国新出审[2021]1078号,ISBN 978-7-498-09206-9,2021年6月11日
545,派对制造,移动-休闲益智,辽宁电子出版社有限责任公司,北京西米科技有限公司,国新出审[2021]1077号,ISBN 978-7-498-09204-5,2021年6月11日
546,蜜糖联萌,移动,杭州群游科技有限公司,厦门蜜糖时光信息科技有限公司,国新出审[2021]1076号,ISBN 978-7-498-09202-1,2021年6月11日
547,终结时刻,移动,福州天盟数码有限公司,福州天盟数码有限公司,国新出审[2021]1075号,ISBN 978-7-498-09200-7,2021年6月11日
548,火柴人觉醒,移动,黑龙江龙华数字出版股份有限公司,深圳市中顺和盈科技有限公司,国新出审[2021]1074号,ISBN 978-7-498-09199-4,2021年6月11日
549,暗区突围,移动,华东师范大学电子音像出版社有限公司,上海纳原信息技术有限公司,国新出审[2021]1073号,ISBN 978-7-498-09197-0,2021年6月11日
550,开间小店,移动,上海科学技术文献出版社有限公司,上海邮塔网络科技有限公司,国新出审[2021]1072号,ISBN 978-7-498-09196-3,2021年6月11日
551,精灵塔塔,移动,河北冠林数字出版有限公司,吉林省博顺网络科技有限公司,国新出审[2021]1071号,ISBN 978-7-498-09193-2,2021年6月11日
552,太吾纪元,移动,上海方寸信息科技有限公司,上海翔玩网络科技有限公司,国新出审[2021]1070号,ISBN 978-7-498-09191-8,2021年6月11日
553,星巡守卫队,移动,江苏凤凰数字传媒有限公司,海南虾壳网络科技有限公司,国新出审[2021]1069号,ISBN 978-7-498-09188-8,2021年6月11日
554,灰域,移动,杭州烈焰网络技术有限公司,广州明朝互动科技股份有限公司,国新出审[2021]1068号,ISBN 978-7-498-09187-1,2021年6月11日
555,王者战绩,移动,杭州乐港科技有限公司,安徽哪吒互娱信息技术有限公司,国新出审[2021]1067号,ISBN 978-7-498-09185-7,2021年6月11日
556,星舰起航,移动,广州谷得网络科技有限公司,北京识君互娱网络有限公司,国新出审[2021]1066号,ISBN 978-7-498-09183-3,2021年6月11日
557,重装崛起,移动,方圆电子音像出版社有限责任公司,雷神互娱（天津）科技有限公司,国新出审[2021]1065号,ISBN 978-7-498-09181-9,2021年6月11日
558,飞卢英雄之巅峰王者,移动,北京联合出版有限责任公司,北京百墨达科技有限公司,国新出审[2021]1064号,ISBN 978-7-498-09180-2,2021年6月11日
559,猫咪大陆,移动,河北冠林数字出版有限公司,上海盛月网络科技有限公司,国新出审[2021]1063号,ISBN 978-7-498-09178-9,2021年6月11日
560,漂在江湖,移动,深圳中青宝互动网络股份有限公司,深圳市枫深科技有限公司,国新出审[2021]1062号,ISBN 978-7-498-09176-5,2021年6月11日
561,狂飙飞起来,移动-休闲益智,杭州润趣科技有限公司,南阳新创元软件有限公司,国新出审[2021]1061号,ISBN 978-7-498-09174-1,2021年6月11日
562,造梦大乱斗,移动,四三九九网络股份有限公司,四三九九网络股份有限公司,国新出审[2021]1060号,ISBN 978-7-498-09172-7,2021年6月11日
563,时空之弦,移动,广东海燕电子音像出版社有限公司,海南烁日信息科技有限公司,国新出审[2021]1059号,ISBN 978-7-498-09169-7,2021年6月11日
564,平顿小镇,移动,湖北省扬子江影音有限责任公司,北京冰狮科技有限公司,国新出审[2021]1058号,ISBN 978-7-498-09223-6,2021年6月11日
565,奇缘之旅,移动,厦门雷霆互动网络有限公司,深圳雷霆信息技术有限公司,国新出审[2021]1057号,ISBN 978-7-498-09220-5,2021年6月11日
566,匿名信：隐匿者,移动-休闲益智,吉林音像出版社有限责任公司,原力互娱（北京）科技有限公司,国新出审[2021]1056号,ISBN 978-7-498-09218-2,2021年6月11日
567,当掌门好快乐,移动,江苏凤凰电子音像出版社有限公司,南京对对碰网络科技有限公司,国新出审[2021]1055号,ISBN 978-7-498-09217-5,2021年6月11日
568,本源军团,移动,湖北省扬子江影音有限责任公司,深圳市亦度网络科技有限公司,国新出审[2021]1054号,ISBN 978-7-498-09216-8,2021年6月11日
569,权力之剑,移动,广东海燕电子音像出版社有限公司,海南千妙网络科技有限公司,国新出审[2021]1053号,ISBN 978-7-498-09215-1,2021年6月11日
570,盾之勇者成名录：浪潮,移动,北京中清龙图网络技术有限公司,北京中清龙图网络技术有限公司,国新出审[2021]1052号,ISBN 978-7-498-09214-4,2021年6月11日
571,方块旅行记,移动-休闲益智,天津电子出版社有限公司,武汉市多比特信息科技有限公司,国新出审[2021]1051号,ISBN 978-7-498-09211-3,2021年6月11日
572,同色连线消,移动-休闲益智,宁波东海岸电子音像出版社有限公司,武汉指娱互动信息技术有限公司,国新出审[2021]1050号,ISBN 978-7-498-09207-6,2021年6月11日
573,环形战争,移动,海南省电子音像出版社有限公司,海南因陀罗软件有限公司,国新出审[2021]1049号,ISBN 978-7-498-09205-2,2021年6月11日
574,变形穿越,移动-休闲益智,上海乐蜀网络科技股份有限公司,上海乐蜀网络科技股份有限公司,国新出审[2021]1048号,ISBN 978-7-498-09203-8,2021年6月11日
575,哈局五子棋,移动-休闲益智,杭州群游科技有限公司,深圳市大头互动文化传播有限公司,国新出审[2021]1047号,ISBN 978-7-498-09201-4,2021年6月11日
576,斗兽棋天天玩,移动-休闲益智,杭州边锋网络技术有限公司,杭州边浙网络技术有限公司,国新出审[2021]1046号,ISBN 978-7-498-09198-7,2021年6月11日
577,花落长安,移动,黑龙江龙华数字出版股份有限公司,深圳市爱的番茄科技有限公司,国新出审[2021]1045号,ISBN 978-7-498-09195-6,2021年6月11日
578,电能酷跑,移动-休闲益智,杭州润趣科技有限公司,南阳嘉翔软件有限公司,国新出审[2021]1044号,ISBN 978-7-498-09194-9,2021年6月11日
579,挑战盖高楼,移动-休闲益智,杭州紫府网络科技有限公司,盐城万安台科技有限公司,国新出审[2021]1043号,ISBN 978-7-498-09192-5,2021年6月11日
580,不可思议出租车,移动-休闲益智,杭州哲信信息技术有限公司,杭州流冠科技有限公司,国新出审[2021]1042号,ISBN 978-7-498-09190-1,2021年6月11日
581,艾尔多战记,移动,重庆华龙网集团股份有限公司,成都斧王网络科技有限公司,国新出审[2021]1041号,ISBN 978-7-498-09189-5,2021年6月11日
582,国民传奇无双,移动,江西高校出版社有限责任公司,江西省国民传奇网络技术有限公司,国新出审[2021]1040号,ISBN 978-7-498-09186-4,2021年6月11日
583,冲吧弹球,移动-休闲益智,宁波东海岸电子音像出版社有限公司,深圳市禅游科技股份有限公司,国新出审[2021]1039号,ISBN 978-7-498-09184-0,2021年6月11日
584,爱上美食街,移动-休闲益智,江苏凤凰电子音像出版社有限公司,南京网眼软件有限公司,国新出审[2021]1038号,ISBN 978-7-498-09182-6,2021年6月11日
585,酷炫飞车,移动-休闲益智,浙江出版集团数字传媒有限公司,北京古鲁营销顾问有限公司,国新出审[2021]1037号,ISBN 978-7-498-09179-6,2021年6月11日
586,我的英雄失灵了,移动,厦门大学电子出版社有限责任公司,海南微米互娱网络科技有限公司,国新出审[2021]1036号,ISBN 978-7-498-09177-2,2021年6月11日
587,合金钻头,移动-休闲益智,杭州乐港科技有限公司,宿州手游互联信息技术有限公司,国新出审[2021]1035号,ISBN 978-7-498-09175-8,2021年6月11日
588,摩托来了,移动-休闲益智,咪咕互动娱乐有限公司,南京原极信息科技有限公司,国新出审[2021]1034号,ISBN 978-7-498-09173-4,2021年6月11日
589,战机一号,移动-休闲益智,广州盈正信息技术有限公司,杭州呆喵网络科技有限公司,国新出审[2021]1033号,ISBN 978-7-498-09171-0,2021年6月11日
590,山海经之万兽王,移动,上海方寸信息科技有限公司,上海越盛网络科技有限公司,国新出审[2021]1032号,ISBN 978-7-498-09170-3,2021年6月11日
591,同桌翻转棋,移动-休闲益智,天津电子出版社有限公司,北京同桌游戏科技有限公司,国新出审[2021]1031号,ISBN 978-7-498-09168-0,2021年6月11日
592,迷你冒险王,移动-休闲益智,浙江出版集团数字传媒有限公司,深圳全民互动科技有限公司,国新出审[2021]1030号,ISBN 978-7-498-09167-3,2021年6月11日
593,勇敢的哈克,客户端,厦门雷霆互动网络有限公司,深圳雷霆信息技术有限公司,国新出审[2021]1403号,ISBN 978-7-498-09384-4,2021年7月22日
594,猎魔人远征,移动,杭州渡口网络科技有限公司,苏州大禹网络科技有限公司,国新出审[2021]1402号,ISBN 978-7-498-09383-7,2021年7月22日
595,召唤英雄,移动,海南省电子音像出版社有限公司,海南神音网络科技有限公司,国新出审[2021]1401号,ISBN 978-7-498-09382-0,2021年7月22日
596,中职篮英雄,移动,上海同济大学电子音像出版社有限公司,上海趣妮网络科技有限公司,国新出审[2021]1400号,ISBN 978-7-498-09381-3,2021年7月22日
597,荣耀战场,移动,杭州紫府网络科技有限公司,北京心智互动科技有限公司,国新出审[2021]1399号,ISBN 978-7-498-09380-6,2021年7月22日
598,我的漫画,移动,杭州美盛游戏技术开发有限公司,上海浪险劲网络科技有限公司,国新出审[2021]1398号,ISBN 978-7-498-09379-0,2021年7月22日
599,艾比之星,移动,华东师范大学电子音像出版社有限公司,上海领音文化传播有限公司,国新出审[2021]1397号,ISBN 978-7-498-09378-3,2021年7月22日
600,超级制造工厂,移动,江苏凤凰数字传媒有限公司,海南米麦科技有限公司,国新出审[2021]1396号,ISBN 978-7-498-09376-9,2021年7月22日
601,我有一座育龙岛,移动,成都超级梦网络技术股份有限公司,杭州必可科技有限公司,国新出审[2021]1395号,ISBN 978-7-498-09375-2,2021年7月22日
602,翻滚吧勇者,移动,华中科技大学电子音像出版社,上海蜂虞网络科技有限公司,国新出审[2021]1394号,ISBN 978-7-498-09373-8,2021年7月22日
603,源战役,移动,成都盈众九州网络科技有限公司,海南子速网络科技有限公司,国新出审[2021]1393号,ISBN 978-7-498-09371-4,2021年7月22日
604,葫芦娃2,移动,上海同济大学电子音像出版社有限公司,上海期艺网络科技有限公司,国新出审[2021]1392号,ISBN 978-7-498-09370-7,2021年7月22日
605,无悔华夏,移动,海南省电子音像出版社有限公司,海南创青有为网络科技有限公司,国新出审[2021]1391号,ISBN 978-7-498-09385-1,2021年7月22日
606,行界,移动,成都超级梦网络技术股份有限公司,成都不玩网络科技有限公司,国新出审[2021]1390号,ISBN 978-7-498-09367-7,2021年7月22日
607,突击荣耀,移动,杭州润趣科技有限公司,海南有娱网络科技有限公司,国新出审[2021]1389号,ISBN 978-7-498-09365-3,2021年7月22日
608,我的安吉拉2,移动,杭州哲信信息技术有限公司,广州金科文化科技有限公司,国新出审[2021]1388号,ISBN 978-7-498-09364-6,2021年7月22日
609,风色幻想命运传说,移动,上海科学技术文献出版社有限公司,上海映雄体育文化有限公司,国新出审[2021]1387号,ISBN 978-7-498-09362-2,2021年7月22日
610,不要吵醒熊,移动,杭州浮云网络科技有限公司,杭州浮云网络科技有限公司,国新出审[2021]1386号,ISBN 978-7-498-09361-5,2021年7月22日
611,甜甜的你,移动,杭州美盛游戏技术开发有限公司,海南流砂网络科技有限公司,国新出审[2021]1385号,ISBN 978-7-498-09359-2,2021年7月22日
612,动物乐园派对,移动,杭州紫府网络科技有限公司,南京原极信息科技有限公司,国新出审[2021]1384号,ISBN 978-7-498-09358-5,2021年7月22日
613,节奏快打,游戏机-switch,华东师范大学电子音像出版社有限公司,上海可柯信息科技有限公司,国新出审[2021]1383号,ISBN 978-7-498-09357-8,2021年7月22日
614,王牌星计划,移动,成都盈众九州网络科技有限公司,广州市溢熙信息科技有限公司,国新出审[2021]1382号,ISBN 978-7-498-09356-1,2021年7月22日
615,五行降妖师,移动,黑龙江龙华数字出版股份有限公司,深圳印象互娱网络科技有限公司,国新出审[2021]1381号,ISBN 978-7-498-09355-4,2021年7月22日
616,武圣三国,移动,杭州哲信信息技术有限公司,深圳市卓趣互娱科技有限公司,国新出审[2021]1380号,ISBN 978-7-498-09354-7,2021年7月22日
617,悠久之树,移动,大唐网络有限公司,潜龙心诚(北京)网络科技有限公司,国新出审[2021]1379号,ISBN 978-7-498-09353-0,2021年7月22日
618,圆梦庄园,移动,上海商国网络科技发展有限公司,上海商国网络科技发展有限公司,国新出审[2021]1378号,ISBN 978-7-498-09352-3,2021年7月22日
619,格里德小分队,移动,深圳中青宝互动网络股份有限公司,深圳维克斯游戏有限公司,国新出审[2021]1377号,ISBN 978-7-498-09351-6,2021年7月22日
620,符文王者,移动,杭州紫府网络科技有限公司,珠海始创科技有限公司,国新出审[2021]1376号,ISBN 978-7-498-09349-3,2021年7月22日
621,从前有座灵剑山,移动,华东师范大学电子音像出版社有限公司,上海纳原信息技术有限公司,国新出审[2021]1375号,ISBN 978-7-498-09347-9,2021年7月22日
622,九州异兽记,移动,黑龙江龙华数字出版股份有限公司,广州君趣网络科技有限公司,国新出审[2021]1374号,ISBN 978-7-498-09346-2,2021年7月22日
623,军师大时代,移动、网页,黑龙江科学技术出版社有限公司,海南祥莱网络科技有限公司,国新出审[2021]1373号,ISBN 978-7-498-09387-5,2021年7月22日
624,无名江湖,移动,宁波东海岸电子音像出版社有限公司,深圳市前海弘程游戏有限公司,国新出审[2021]1372号,ISBN 978-7-498-09343-1,2021年7月22日
625,龙与家园,客户端,杭州群游科技有限公司,广州虎牙信息科技有限公司,国新出审[2021]1371号,ISBN 978-7-498-09341-7,2021年7月22日
626,超次元女神,移动,西安交通大学出版社有限责任公司,杭州万物互娱网络科技有限公司,国新出审[2021]1370号,ISBN 978-7-498-09340-0,2021年7月22日
627,我的山海,移动,山东科学技术出版社有限公司,青岛蓝飞互娱科技股份有限公司,国新出审[2021]1369号,ISBN 978-7-498-09338-7,2021年7月22日
628,圣树唤歌,移动,上海同济大学电子音像出版社有限公司,上海歆瑷网络科技有限公司,国新出审[2021]1368号,ISBN 978-7-498-09337-0,2021年7月22日
629,长安夜明,移动,成都超级梦网络技术股份有限公司,成都斧王网络科技有限公司,国新出审[2021]1367号,ISBN 978-7-498-09335-6,2021年7月22日
630,莽荒英雄录,移动,杭州渡口网络科技有限公司,福州智趣数码科技有限公司,国新出审[2021]1366号,ISBN 978-7-498-09333-2,2021年7月22日
631,拣爱,客户端,深圳中青宝互动网络股份有限公司,上海听枫语数字传媒科技有限公司,国新出审[2021]1365号,ISBN 978-7-498-09331-8,2021年7月22日
632,劲乐幻想,移动,上海商国网络科技发展有限公司,上海纵深乐琪网络科技有限公司,国新出审[2021]1364号,ISBN 978-7-498-09330-1,2021年7月22日
633,群雄使命,移动,海南省电子音像出版社有限公司,海南七元素网络科技有限公司,国新出审[2021]1363号,ISBN 978-7-498-09329-5,2021年7月22日
634,航海日记2,移动,方圆电子音像出版社有限责任公司,天津海兔科技有限公司,国新出审[2021]1362号,ISBN 978-7-498-09327-1,2021年7月22日
635,海沙风云,移动、客户端,安徽新华电子音像出版社,心动网络股份有限公司,国新出审[2021]1361号,ISBN 978-7-498-09386-8,2021年7月22日
636,王国的反击,移动,杭州烈焰网络技术有限公司,厦门任势网络科技有限公司,国新出审[2021]1360号,ISBN 978-7-498-09325-7,2021年7月22日
637,塔防召唤师,移动,宁波东海岸电子音像出版社有限公司,深圳市大象互娱科技有限公司,国新出审[2021]1359号,ISBN 978-7-498-09324-0,2021年7月22日
638,桃花师,移动,广州四三九九信息科技有限公司,广州四三九九信息科技有限公司,国新出审[2021]1358号,ISBN 978-7-498-09322-6,2021年7月22日
639,都市冒险高手,移动,杭州群游科技有限公司,厦门快快网络科技有限公司,国新出审[2021]1357号,ISBN 978-7-498-09320-2,2021年7月22日
640,一战称王,移动,方圆电子音像出版社有限责任公司,河北米玩网络科技有限公司,国新出审[2021]1356号,ISBN 978-7-498-09319-6,2021年7月22日
641,最佳球会,移动,金报电子音像出版中心,波波和小伙伴们的（北京）科技有限公司,国新出审[2021]1355号,ISBN 978-7-498-09317-2,2021年7月22日
642,不可思议之梦蝶,游戏机-switch,深圳中青宝互动网络股份有限公司,天津市队友科技有限公司,国新出审[2021]1354号,ISBN 978-7-498-09388-2,2021年7月22日
643,蜀境传说,移动,上海商国网络科技发展有限公司,海南展宏信息技术有限公司,国新出审[2021]1353号,ISBN 978-7-498-09315-8,2021年7月22日
644,将灵说,移动,杭州美盛游戏技术开发有限公司,广州可酷淘信息技术有限公司,国新出审[2021]1352号,ISBN 978-7-498-09314-1,2021年7月22日
645,欢乐对决,移动,天津电子出版社有限公司,广州锦游科技有限公司,国新出审[2021]1351号,ISBN 978-7-498-09312-7,2021年7月22日
646,无声冲突,移动,广州谷得网络科技有限公司,广州谷得网络科技有限公司,国新出审[2021]1350号,ISBN 978-7-498-09311-0,2021年7月22日
647,蛋仔派对,移动,广州网易计算机系统有限公司,杭州网易雷火科技有限公司,国新出审[2021]1349号,ISBN 978-7-498-09309-7,2021年7月22日
648,暖雪,客户端,大唐网络有限公司,东银河系漫游指南（北京）科技有限公司,国新出审[2021]1348号,ISBN 978-7-498-09308-0,2021年7月22日
649,珍食秘巡记,移动,黑龙江龙华数字出版股份有限公司,魔力小鸟（北京）信息技术有限公司,国新出审[2021]1347号,ISBN 978-7-498-09305-9,2021年7月22日
650,非人哉,移动,湖北省扬子江影音有限责任公司,北京大神圈文化科技有限公司,国新出审[2021]1346号,ISBN 978-7-498-09304-2,2021年7月22日
651,幻之封神,移动,上海晨路信息科技股份有限公司,上海聚初信息科技有限公司,国新出审[2021]1345号,ISBN 978-7-498-09302-8,2021年7月22日
652,少年闯江湖,移动-休闲益智,湖北省扬子江影音有限责任公司,海南灵简网络科技有限公司,国新出审[2021]1344号,ISBN 978-7-498-09377-6,2021年7月22日
653,决战动物星,移动-休闲益智,吉林音像出版社有限责任公司,武汉镜像科技有限公司,国新出审[2021]1343号,ISBN 978-7-498-09374-5,2021年7月22日
654,魔法欢乐消除,移动-休闲益智,江苏凤凰电子音像出版社有限公司,广州炫动信息科技有限公司,国新出审[2021]1342号,ISBN 978-7-498-09372-1,2021年7月22日
655,跑酷之王,移动-休闲益智,天津电子出版社有限公司,竞技世界（北京）网络技术有限公司,国新出审[2021]1341号,ISBN 978-7-498-09369-1,2021年7月22日
656,模拟玩具魔方,移动-休闲益智,杭州乐港科技有限公司,北京古鲁营销顾问有限公司,国新出审[2021]1340号,ISBN 978-7-498-09368-4,2021年7月22日
657,车神传说,移动-休闲益智,杭州烈焰网络技术有限公司,南阳嘉翔软件有限公司,国新出审[2021]1339号,ISBN 978-7-498-09366-0,2021年7月22日
658,天天消不停,移动-休闲益智,杭州群游科技有限公司,北京盈易科技有限公司,国新出审[2021]1338号,ISBN 978-7-498-09363-9,2021年7月22日
659,奇幻消除,移动-休闲益智,杭州润趣科技有限公司,南阳新创元软件有限公司,国新出审[2021]1337号,ISBN 978-7-498-09360-8,2021年7月22日
660,农场小筑,移动-休闲益智,杭州哲信信息技术有限公司,北京星游讯天网络科技有限公司,国新出审[2021]1336号,ISBN 978-7-498-09350-9,2021年7月22日
661,连连看对战,移动-休闲益智,杭州边锋网络技术有限公司,杭州边锋网络技术有限公司,国新出审[2021]1335号,ISBN 978-7-498-09348-6,2021年7月22日
662,拯救银河系,移动-休闲益智,黑龙江科学技术出版社有限公司,深圳火羽互动科技有限公司,国新出审[2021]1334号,ISBN 978-7-498-09345-5,2021年7月22日
663,勇者之路,移动-休闲益智,湖北省扬子江影音有限责任公司,武汉巨有趣互动科技有限公司,国新出审[2021]1333号,ISBN 978-7-498-09344-8,2021年7月22日
664,全民接快递,移动-休闲益智,吉林音像出版社有限责任公司,长春辰海竞玩网络科技有限公司,国新出审[2021]1332号,ISBN 978-7-498-09342-4,2021年7月22日
665,萌宠泡泡射手,移动-休闲益智,江苏凤凰电子音像出版社有限公司,南京网眼软件有限公司,国新出审[2021]1331号,ISBN 978-7-498-09339-4,2021年7月22日
666,眼力达人,移动-休闲益智,天津电子出版社有限公司,北京豪腾嘉科科技有限公司,国新出审[2021]1330号,ISBN 978-7-498-09336-3,2021年7月22日
667,街边象棋,移动-休闲益智,华中科技大学电子音像出版社,成都鼎趣网络科技有限公司,国新出审[2021]1329号,ISBN 978-7-498-09334-9,2021年7月22日
668,怀旧俄罗斯方块,移动-休闲益智,上海乐蜀网络科技股份有限公司,上海乐蜀网络科技股份有限公司,国新出审[2021]1328号,ISBN 978-7-498-09332-5,2021年7月22日
669,我的坦克,移动-休闲益智,浙江出版集团数字传媒有限公司,北京光耀大地科技有限公司,国新出审[2021]1327号,ISBN 978-7-498-09328-8,2021年7月22日
670,缤纷软糖大作战,移动-休闲益智,辽宁电子出版社有限责任公司,黑鲨科技（重庆）有限公司,国新出审[2021]1326号,ISBN 978-7-498-09326-4,2021年7月22日
671,布丁乐园,移动-休闲益智,杭州烈焰网络技术有限公司,海南优强葆网络科技有限公司,国新出审[2021]1325号,ISBN 978-7-498-09323-3,2021年7月22日
672,魅影飞车,移动-休闲益智,杭州润趣科技有限公司,汕头市寰潮网络科技有限公司,国新出审[2021]1324号,ISBN 978-7-498-09321-9,2021年7月22日
673,星座六边消消,移动-休闲益智,杭州边锋网络技术有限公司,苏州尚游网络科技有限公司,国新出审[2021]1323号,ISBN 978-7-498-09318-9,2021年7月22日
674,怪物禁区,移动-休闲益智,黑龙江科学技术出版社有限公司,黑龙江省华厦亿达信息科技有限公司,国新出审[2021]1322号,ISBN 978-7-498-09316-5,2021年7月22日
675,噜噜喵,移动-休闲益智,吉林音像出版社有限责任公司,北京默契破冰科技有限公司,国新出审[2021]1321号,ISBN 978-7-498-09313-4,2021年7月22日
676,天天爱填色,移动-休闲益智,江苏凤凰电子音像出版社有限公司,南京道成网络科技有限公司,国新出审[2021]1320号,ISBN 978-7-498-09310-3,2021年7月22日
677,球球跳跳塔,移动-休闲益智,宁波东海岸电子音像出版社有限公司,武汉指娱互动信息技术有限公司,国新出审[2021]1319号,ISBN 978-7-498-09307-3,2021年7月22日
678,成语滑动消除,移动-休闲益智,华中科技大学电子音像出版社,武汉市多比特信息科技有限公司,国新出审[2021]1318号,ISBN 978-7-498-09306-6,2021年7月22日
679,弓箭侠,移动-休闲益智,辽宁电子出版社有限责任公司,深圳帝国互娱网络在线有限公司,国新出审[2021]1317号,ISBN 978-7-498-09303-5,2021年7月22日
